location,symbol,unit,jan,feb,mar,apr,may,jun,jul,aug,sep,oct,nov,dec,annual
"Birmingham, AL",TAN,°F,35,37.5,44.1,51.7,60.6,68.1,71.7,71.1,64.7,53.3,43.3,36.7,53.2
"Birmingham, AL",TAX,°F,53.7,57.8,65.9,73.9,80.9,86.8,90,89.8,84.5,74.7,64.2,55.3,73.1
"Birmingham, AL",V,mi/hr,7.2,7.4,7.8,7.4,6.3,5.4,5.1,4.7,5.4,5.4,6,6.7,6.3
"Birmingham, AL",I,Btu/ft2/day,769,1013,1382,1720,1884,1928,1889,1760,1504,1212,890,699,1388
"Birmingham, AL",PA,lb/in2,,,,,,,,,,,,,14.37
"Huntsville, AL",TAN,°F,32.7,35.2,42.1,50.6,59.6,67.2,70.3,69.2,62.6,51.1,41.2,34.5,51.4
"Huntsville, AL",TAX,°F,50.3,54.4,63.1,72.3,79.9,86.3,88.9,89.2,83.7,73.4,61.6,52.1,71.3
"Huntsville, AL",V,mi/hr,8.3,8.3,8.9,8.5,7.4,5.8,4.9,4.9,5.8,6.3,7.2,7.8,7.2
"Huntsville, AL",I,Btu/ft2/day,714,949,1314,1690,1868,1973,1948,1823,1508,1191,835,656,1372
"Huntsville, AL",PA,lb/in2,,,,,,,,,,,,,14.36
"Mobile, AL",TAN,°F,41.4,43.8,49.7,56.3,64.7,71,73.3,73.1,68.9,58.4,48.3,42.4,57.6
"Mobile, AL",TAX,°F,60.8,64.2,70.4,76.7,84,88.3,90.1,89.9,86.4,78.5,69.5,62.1,76.7
"Mobile, AL",V,mi/hr,8.5,8.5,8.7,8.3,7.4,6,5.4,5.4,6.7,6.9,7.2,7.8,7.2
"Mobile, AL",I,Btu/ft2/day,865,1114,1446,1774,1955,1925,1876,1767,1557,1304,1024,818,1452
"Mobile, AL",PA,lb/in2,,,,,,,,,,,,,14.58
"Montgomery, AL",TAN,°F,37.1,39.9,46.1,52.6,61.8,68.9,72.2,71.7,66.2,54.4,44,38,54.4
"Montgomery, AL",TAX,°F,57.7,62,69.4,76.6,83.9,89.4,91.8,91.5,86.9,77.7,67.9,59.1,76.2
"Montgomery, AL",V,mi/hr,7.2,7.4,7.6,6.5,5.8,4.9,4.7,4.7,5.6,5.4,5.8,6.7,6
"Montgomery, AL",I,Btu/ft2/day,823,1076,1421,1766,1952,1951,1943,1781,1530,1223,950,749,1430
"Montgomery, AL",PA,lb/in2,,,,,,,,,,,,,14.59
"Phoenix, AZ",TAN,°F,46.5,49.5,54,60.1,69.8,78.1,84.3,83.4,78.1,65.4,53.3,45.6,64
"Phoenix, AZ",TAX,°F,66.7,69.8,76.1,83.6,93.8,102.6,105.4,103.6,99.6,87.8,75.1,65.6,85.8
"Phoenix, AZ",V,mi/hr,4.9,5.6,6.3,6.9,6.9,6.7,6.9,6.7,6,5.6,4.9,4.7,6
"Phoenix, AZ",I,Btu/ft2/day,1058,1335,1774,2248,2495,2606,2379,2144,1910,1542,1172,967,1802
"Phoenix, AZ",PA,lb/in2,,,,,,,,,,,,,14.11
"Prescott, AZ",TAN,°F,26.8,29.5,33.5,38.9,48,55.9,63.3,61.9,54.9,42.7,32.3,26.2,42.8
"Prescott, AZ",TAX,°F,51.4,54.4,60,66.4,76.5,85.6,89.2,86.5,82.2,71.4,60.1,51.1,69.6
"Prescott, AZ",V,mi/hr,6.5,7.2,8.1,8.9,8.7,8.7,7.4,6.7,6.9,6.9,6.5,6.3,7.4
"Prescott, AZ",I,Btu/ft2/day,982,1245,1694,2156,2415,2571,2171,1903,1805,1493,1130,901,1705
"Prescott, AZ",PA,lb/in2,,,,,,,,,,,,,12.24
"Tucson, AZ",TAN,°F,40.7,43.1,47,52.4,61.6,70.4,75.7,74.4,70.1,58.4,47,40,56.8
"Tucson, AZ",TAX,°F,65.8,68.4,74.2,81.7,91.7,99.9,99.6,97.3,94.7,85.1,74.1,65,83.1
"Tucson, AZ",V,mi/hr,6.9,7.4,7.8,8.3,8.1,8.1,7.8,7.4,7.6,7.6,7.2,6.9,7.6
"Tucson, AZ",I,Btu/ft2/day,1110,1370,1840,2279,2510,2582,2198,2007,1886,1595,1249,1033,1805
"Tucson, AZ",PA,lb/in2,,,,,,,,,,,,,13.4
"Fort Smith, AR",TAN,°F,30.7,34.3,41.8,50.5,60.4,68.4,72.4,71.4,63,51.6,41,32.8,51.5
"Fort Smith, AR",TAX,°F,49.4,55.3,63.7,73,79.8,87.1,92.3,92.8,84.4,74.3,61.8,51.6,72.1
"Fort Smith, AR",V,mi/hr,7.6,8.1,8.7,8.3,6.9,6,5.4,5.6,6,6.3,7.2,7.6,6.9
"Fort Smith, AR",I,Btu/ft2/day,738,977,1299,1674,1808,1991,2117,1918,1522,1177,811,674,1392
"Fort Smith, AR",PA,lb/in2,,,,,,,,,,,,,14.46
"Little Rock, AR",TAN,°F,33.3,36.3,43.8,52.4,61.6,69.7,73.2,72.2,64.4,53.1,42.9,35,53.2
"Little Rock, AR",TAX,°F,50.6,55.5,63.7,73.1,80.8,88.1,91.8,92.2,84.9,74.4,62.1,52.3,72.5
"Little Rock, AR",V,mi/hr,7.8,7.8,8.7,8.5,7.2,6.3,6,5.6,6.3,6,7.2,7.6,7.2
"Little Rock, AR",I,Btu/ft2/day,717,970,1302,1686,1820,2008,2009,1879,1534,1171,814,656,1380
"Little Rock, AR",PA,lb/in2,,,,,,,,,,,,,14.56
"Arcata, CA",TAN,°F,40.7,41.4,41.1,42.4,46,48.4,51.4,51.4,48.3,45.1,42.5,40.2,44.9
"Arcata, CA",TAX,°F,55.1,55.6,55.5,56.2,58.9,61.1,62.2,63.2,63.2,61.9,57.5,54.9,58.8
"Arcata, CA",V,mi/hr,6.7,6.7,7.2,7.2,7.2,7.2,6,5.6,5.1,5.4,5.8,6.9,6.3
"Arcata, CA",I,Btu/ft2/day,527,730,1139,1516,1822,1946,1809,1573,1327,971,613,460,1203
"Arcata, CA",PA,lb/in2,,,,,,,,,,,,,14.59
"Bakersfield, CA",TAN,°F,40.3,43.7,46.9,49.8,57.8,64.2,70.7,69.3,64.5,55.3,45.3,39.7,54
"Bakersfield, CA",TAX,°F,56.9,62.9,69,74.1,83.3,90.6,96.9,95.7,90.4,79,65.7,57.3,76.8
"Bakersfield, CA",V,mi/hr,4.9,5.6,6,6.9,7.4,7.6,6.9,6.7,6,5.4,4.7,4.9,6
"Bakersfield, CA",I,Btu/ft2/day,717,1031,1543,2010,2358,2570,2500,2293,1911,1411,952,696,1666
"Bakersfield, CA",PA,lb/in2,,,,,,,,,,,,,14.43
"Bishop, CA",TAN,°F,24,27.4,32.1,36.8,45.1,51.9,57.7,54.8,47.6,38.5,28.3,22.9,38.9
"Bishop, CA",TAX,°F,53,56.2,64.5,70.5,80.8,90.4,97.5,95.5,87.6,75.2,61.9,52.5,73.8
"Bishop, CA",V,mi/hr,7.2,8.1,9.4,10.1,9.2,8.3,7.8,8.1,7.6,7.8,7.4,6.9,8.1
"Bishop, CA",I,Btu/ft2/day,882,1186,1683,2080,2378,2564,2487,2278,1925,1457,1046,824,1732
"Bishop, CA",PA,lb/in2,,,,,,,,,,,,,12.68
"Daggett, CA",TAN,°F,37.5,41.2,46.2,51.3,60.6,68,74.7,73.6,66.5,55.3,43.2,36.1,54.5
"Daggett, CA",TAX,°F,60.8,64.4,71.7,78.3,88.9,98,104.6,103.1,95.7,82.5,69.1,59.6,81.4
"Daggett, CA",V,mi/hr,8.1,9.4,11.4,13.9,14.1,13.6,11.6,11,10.1,9.6,8.5,7.6,10.7
"Daggett, CA",I,Btu/ft2/day,992,1270,1756,2197,2492,2656,2470,2259,1972,1544,1142,921,1806
"Daggett, CA",PA,lb/in2,,,,,,,,,,,,,13.71
"Fresno, CA",TAN,°F,39.9,43.1,46.5,49.6,56.9,62.4,68.3,66.7,62.2,53.7,44.6,39.4,52.8
"Fresno, CA",TAX,°F,55,61.1,67.4,73.1,83.2,90.9,97.7,96.3,90.7,78.5,64.7,55.1,76.1
"Fresno, CA",V,mi/hr,4.3,5.1,5.8,7.4,8.3,8.5,7.6,6.9,6,4.7,4,4.3,6
"Fresno, CA",I,Btu/ft2/day,638,973,1519,2002,2368,2573,2534,2290,1895,1383,889,602,1639
"Fresno, CA",PA,lb/in2,,,,,,,,,,,,,14.52
"Long Beach, CA",TAN,°F,47.6,49,51.5,53.6,58.2,61.4,64.7,65.3,63.5,58.8,51.8,46.8,56
"Long Beach, CA",TAX,°F,66.5,65.9,67.7,70.4,72.6,75.7,80.3,82.5,81,76,71.4,66,73
"Long Beach, CA",V,mi/hr,4.5,5.1,5.6,6.3,6,6,6,5.8,5.4,4.7,4.3,4.3,5.4
"Long Beach, CA",I,Btu/ft2/day,894,1109,1548,1958,2066,2207,2264,2156,1767,1327,1039,843,1598
"Long Beach, CA",PA,lb/in2,,,,,,,,,,,,,14.68
"Los Angeles AP, CA",TAN,°F,50,50.9,52.4,54.1,57.8,61,64,64.6,63.4,59.6,54,49.7,56.8
"Los Angeles AP, CA",TAX,°F,64.9,64.4,64.7,66.5,68.5,71,73.9,75.3,74.5,72.3,69.3,64.8,69.2
"Los Angeles AP, CA",V,mi/hr,6.5,7.6,8.1,8.7,8.1,8.1,8.1,7.6,7.4,6.7,6.3,6.5,7.4
"Los Angeles AP, CA",I,Btu/ft2/day,895,1115,1537,1988,2045,2140,2117,2037,1662,1298,1036,834,1559
"Los Angeles AP, CA",PA,lb/in2,,,,,,,,,,,,,14.63
"Redding, CA",TAN,°F,38.2,40.6,43.7,46.6,55,62,67,63.8,58.7,50.4,41.8,37.6,50.4
"Redding, CA",TAX,°F,55,58.3,64.9,69.6,80.4,89.3,98.1,96.2,90.4,77.1,62.5,54,74.7
"Redding, CA",V,mi/hr,5.8,6.5,6.7,6.7,6.7,6.9,6,5.6,5.4,5.6,4.9,6,6
"Redding, CA",I,Btu/ft2/day,577,856,1354,1772,2198,2464,2526,2246,1786,1209,721,497,1517
"Redding, CA",PA,lb/in2,,,,,,,,,,,,,14.43
"Sacramento, CA",TAN,°F,40,42.7,44.7,46.8,52.1,56.5,59.1,58.9,56.4,50.7,43.3,39.5,49.2
"Sacramento, CA",TAX,°F,54.3,59.6,65.4,70.3,79.3,86.1,91.4,90.9,87.4,77.1,63.8,54.4,73.3
"Sacramento, CA",V,mi/hr,5.6,6,6.7,7.4,7.6,8.1,7.6,6.9,5.8,5.4,4.9,5.8,6.5
"Sacramento, CA",I,Btu/ft2/day,563,877,1409,1891,2249,2510,2514,2239,1823,1269,790,518,1555
"Sacramento, CA",PA,lb/in2,,,,,,,,,,,,,14.68
"San Diego, CA",TAN,°F,50.1,51.6,53.9,56.2,59.8,62.3,65.4,66.9,65.4,61,54.4,49.5,58
"San Diego, CA",TAX,°F,64.5,64.3,65,66.6,67.9,70.1,73.4,75.6,75,72,68.6,64.2,68.9
"San Diego, CA",V,mi/hr,5.4,6.3,6.7,7.4,7.2,7.4,7.2,6.9,6.7,5.8,4.9,4.9,6.5
"San Diego, CA",I,Btu/ft2/day,990,1206,1604,1990,1993,2135,2127,2087,1774,1367,1107,922,1608
"San Diego, CA",PA,lb/in2,,,,,,,,,,,,,14.69
"San Francisco AP, CA",TAN,°F,45.2,47.2,48.3,49.4,52.2,54,55.8,56.6,56.2,53.9,49.4,45.6,51.1
"San Francisco AP, CA",TAX,°F,55.9,58.6,61.4,63.3,66.3,69.2,70.6,71.6,72.5,69.4,62.3,56.2,64.8
"San Francisco AP, CA",V,mi/hr,6.9,8.3,10.3,12.5,13.4,14.1,12.8,12.3,10.7,9.2,7.4,7.4,10.5
"San Francisco AP, CA",I,Btu/ft2/day,666,896,1353,1813,1981,2123,2023,1747,1488,1124,798,619,1386
"San Francisco AP, CA",PA,lb/in2,,,,,,,,,,,,,14.69
"Santa Barbara, CA",TAN,°F,41.9,44.6,46.8,48.2,52.1,54.8,57.9,58,56.3,51.7,45.4,41.1,49.9
"Santa Barbara, CA",TAX,°F,63.7,63.8,64.8,67.2,69,70.7,73.2,74.2,73.9,71.9,68.7,63.7,68.8
"Santa Barbara, CA",V,mi/hr,4.5,5.6,5.8,6.7,6.5,6,6,5.6,5.1,4.7,4.3,4.3,5.4
"Santa Barbara, CA",I,Btu/ft2/day,907,1116,1543,1968,2115,2184,2153,2107,1749,1346,1051,839,1590
"Santa Barbara, CA",PA,lb/in2,,,,,,,,,,,,,14.69
"Santa Maria, CA",TAN,°F,41.1,43,44.2,44.6,48.2,50.9,54,54.3,53,49.3,44,40.2,47.2
"Santa Maria, CA",TAX,°F,63.2,63.6,64.9,66.5,68.3,69.9,71.7,72.4,73.3,72.2,68.5,63.1,68.1
"Santa Maria, CA",V,mi/hr,6,6.7,7.6,8.3,8.3,7.8,6.5,6.3,5.8,6,6,6,6.7
"Santa Maria, CA",I,Btu/ft2/day,892,1109,1563,2010,2253,2358,2261,2111,1784,1386,1036,828,1633
"Santa Maria, CA",PA,lb/in2,,,,,,,,,,,,,14.56
"Stockton, CA",TAN,°F,39.5,42.2,44.3,47,52.8,57.6,60.9,60.4,57.5,50.9,43.1,38.9,49.6
"Stockton, CA",TAX,°F,54.5,60.4,66.5,71.7,80.6,87.8,93.4,92.3,88.5,78,64.6,54.7,74.4
"Stockton, CA",V,mi/hr,6.7,7.2,7.6,8.9,9.6,10.1,8.9,8.3,7.4,6.5,5.8,6.9,7.8
"Stockton, CA",I,Btu/ft2/day,573,907,1445,1879,2251,2525,2510,2256,1844,1308,824,552,1573
"Stockton, CA",PA,lb/in2,,,,,,,,,,,,,14.68
"Alamosa, CO",TAN,°F,0.5,7.4,18,25.4,34.8,41.4,47.7,46.7,37.4,25.4,12.7,2,24.9
"Alamosa, CO",TAX,°F,34.2,39.7,50.1,58.5,69.1,78,81.7,78.9,72.6,61.3,46.5,34.9,58.8
"Alamosa, CO",V,mi/hr,5.1,6.5,8.1,10.1,9.6,8.7,6.7,6.3,6.5,6.5,5.8,4.9,7.2
"Alamosa, CO",I,Btu/ft2/day,898,1191,1619,1987,2266,2427,2269,1992,1786,1397,1023,798,1638
"Alamosa, CO",PA,lb/in2,,,,,,,,,,,,,11.2
"Colorado Springs, CO",TAN,°F,18.8,20.9,27.1,34.1,43.8,52.2,57.8,56.4,47.9,36.8,26,19.4,36.8
"Colorado Springs, CO",TAX,°F,42.6,45,51.9,58.6,68.8,78.1,84.1,80.9,74.2,62.6,50.1,42.5,61.6
"Colorado Springs, CO",V,mi/hr,8.7,9.4,10.3,11.6,10.7,10.1,8.9,8.5,8.9,9.4,8.7,8.9,9.6
"Colorado Springs, CO",I,Btu/ft2/day,843,1093,1467,1794,2012,2182,2108,1884,1667,1275,899,742,1497
"Colorado Springs, CO",PA,lb/in2,,,,,,,,,,,,,11.78
"Denver, CO",TAN,°F,19.2,21.7,28.2,34.8,44.7,53.2,60.4,58.7,49.6,37.7,26.7,19.6,37.9
"Denver, CO",TAX,°F,42.9,45.7,53.7,60.1,70.6,80.9,88,85.2,77.3,64,51.1,43,63.5
"Denver, CO",V,mi/hr,9.2,9.2,10.3,11,10.1,9.6,9.2,8.9,8.9,9.2,8.9,9.2,9.4
"Denver, CO",I,Btu/ft2/day,764,1052,1463,1779,2049,2275,2213,1941,1658,1216,817,664,1491
"Denver, CO",PA,lb/in2,,,,,,,,,,,,,12.08
"Grand Junction, CO",TAN,°F,19.3,25.9,32.7,39.5,48.8,57.9,65.2,62.8,53.4,41.3,28.8,19.9,41.3
"Grand Junction, CO",TAX,°F,37.4,45.3,56.5,64.4,76.2,86.9,93.4,89.3,79.9,66,49.9,38,65.3
"Grand Junction, CO",V,mi/hr,5.4,6.5,7.8,8.9,9.2,9.6,9.4,8.9,8.5,7.6,6,5.4,7.8
"Grand Junction, CO",I,Btu/ft2/day,739,1039,1522,1876,2211,2434,2339,2020,1721,1281,874,662,1560
"Grand Junction, CO",PA,lb/in2,,,,,,,,,,,,,12.34
"Limon, CO",TAN,°F,12.4,15.2,22,29.2,39.4,49.3,54.8,53.9,43.7,31.6,19.9,12.7,32
"Limon, CO",TAX,°F,41.7,44.2,52.7,59.5,69.7,79.6,86.2,82.7,75.8,63.4,49.6,41.8,62.2
"Limon, CO",V,mi/hr,8.7,9.4,10.7,11.9,11,10.1,9.2,8.7,8.9,9.4,8.9,8.9,9.6
"Limon, CO",I,Btu/ft2/day,797,1066,1466,1773,2074,2301,2267,2003,1712,1264,860,693,1523
"Limon, CO",PA,lb/in2,,,,,,,,,,,,,12.02
"Pueblo, CO",TAN,°F,15.3,18.5,26.5,34.8,45.2,53.6,59.6,58.3,48.3,35.1,23.4,15.9,36.2
"Pueblo, CO",TAX,°F,47.2,50.8,58.9,66.1,76.7,86.3,92.3,88.8,81.4,68.9,55.1,46.8,68.3
"Pueblo, CO",V,mi/hr,6.7,7.4,8.5,9.8,8.9,8.7,8.1,7.4,7.4,7.4,6.5,6.5,7.8
"Pueblo, CO",I,Btu/ft2/day,862,1144,1557,1897,2197,2399,2356,2093,1783,1344,950,779,1613
"Pueblo, CO",PA,lb/in2,,,,,,,,,,,,,12.4
"Bridgeport, CT",TAN,°F,24.4,25.9,32.1,41.8,51.1,61.4,67,66.6,59.2,47.4,38.9,29.5,45.4
"Bridgeport, CT",TAX,°F,37.2,39.1,46.3,57.1,66.8,76.4,81.4,80.4,73.7,62.7,52.4,42.1,59.6
"Bridgeport, CT",V,mi/hr,9.8,10.1,10.3,9.6,8.9,7.8,7.6,7.8,8.7,9.2,9.4,9.8,9.2
"Bridgeport, CT",I,Btu/ft2/day,560,847,1156,1490,1750,1862,1904,1685,1320,948,621,501,1220
"Bridgeport, CT",PA,lb/in2,,,,,,,,,,,,,14.69
"Hartford, CT",TAN,°F,19.4,21.4,28.8,39.2,48.3,58.4,63.3,61.9,53.9,42.2,34.1,24.6,41.3
"Hartford, CT",TAX,°F,34.4,37.5,46.7,60.2,70.4,79.1,83.6,82.2,74.4,62.3,50.8,39.5,60.1
"Hartford, CT",V,mi/hr,8.5,8.9,9.4,8.9,8.1,6.9,6.5,6.3,6.7,7.4,7.6,8.3,7.8
"Hartford, CT",I,Btu/ft2/day,560,814,1133,1453,1700,1797,1833,1622,1289,905,582,482,1181
"Hartford, CT",PA,lb/in2,,,,,,,,,,,,,14.61
"Wilmington_DE, DE",TAN,°F,26.3,27.2,34.3,43.8,53,63.2,67.9,66.9,58.9,46.8,38.4,30.1,46.4
"Wilmington_DE, DE",TAX,°F,40.5,42.7,51.6,63.1,72.1,80.9,85.1,83.9,76.8,65.5,55,44.7,63.5
"Wilmington_DE, DE",V,mi/hr,9.4,9.8,10.1,9.6,8.3,7.6,7.4,6.9,7.8,7.6,8.5,8.9,8.5
"Wilmington_DE, DE",I,Btu/ft2/day,629,911,1185,1528,1786,1909,1916,1680,1366,1016,678,556,1264
"Wilmington_DE, DE",PA,lb/in2,,,,,,,,,,,,,14.65
"Daytona Beach, FL",TAN,°F,49,50.6,55,59.8,66.4,72.1,73.7,74,73.2,66.9,57.7,52.3,62.5
"Daytona Beach, FL",TAX,°F,68.4,69.9,74.2,78.8,84.5,87.7,89.5,88.8,86.3,81.5,75.1,70.2,79.6
"Daytona Beach, FL",V,mi/hr,7.2,7.6,8.3,7.8,7.4,6.3,5.6,5.6,6.7,7.4,6.9,6.7,6.9
"Daytona Beach, FL",I,Btu/ft2/day,1018,1215,1579,1931,2049,1893,1911,1767,1518,1296,1063,916,1513
"Daytona Beach, FL",PA,lb/in2,,,,,,,,,,,,,14.68
"Fort Myers, FL",TAN,°F,54.4,56.1,59.8,64,69.3,73.8,75,75.4,74.7,69.4,61.8,56.7,65.9
"Fort Myers, FL",TAX,°F,74.2,76.2,79.6,83.5,88.5,90.3,90.7,90.8,89.3,85.8,80.2,75.5,83.7
"Fort Myers, FL",V,mi/hr,7.4,7.8,8.3,8.1,7.2,6.3,5.4,5.6,6.3,7.2,7.4,7.2,6.9
"Fort Myers, FL",I,Btu/ft2/day,1150,1426,1718,1993,2075,1880,1805,1740,1533,1415,1205,1054,1583
"Fort Myers, FL",PA,lb/in2,,,,,,,,,,,,,14.68
"Gainesville, FL",TAN,°F,43.4,45.5,50.2,55.6,63.2,69.8,72.1,72.1,69.4,61.1,51.4,45.5,58.3
"Gainesville, FL",TAX,°F,66.3,69,74.4,80,86.4,89,90.2,89.4,86.6,80.7,73.6,67.6,79.4
"Gainesville, FL",V,mi/hr,6.5,6.9,7.4,7.2,6.7,5.6,5.1,4.9,5.8,5.8,6,5.8,6.3
"Gainesville, FL",I,Btu/ft2/day,970,1213,1549,1890,2019,1865,1863,1704,1484,1276,1063,887,1482
"Gainesville, FL",PA,lb/in2,,,,,,,,,,,,,14.62
"Jacksonville, FL",TAN,°F,42.9,45.1,50.1,55.5,63.7,70.5,72.9,73.1,70.1,61,50.8,44.4,58.3
"Jacksonville, FL",TAX,°F,64.5,67.2,72.7,78.3,84.8,88.7,91,89.6,85.8,79.6,72.2,65.4,78.3
"Jacksonville, FL",V,mi/hr,7.2,7.4,8.1,7.6,7.2,6.5,5.8,5.8,6.5,6.3,6.3,6.5,6.7
"Jacksonville, FL",I,Btu/ft2/day,937,1186,1522,1890,2035,1911,1948,1756,1466,1237,1021,846,1480
"Jacksonville, FL",PA,lb/in2,,,,,,,,,,,,,14.68
"Key West, FL",TAN,°F,64.9,66.2,68.7,72.2,76.2,79.4,80.6,80.5,79.2,76.5,71.8,67.1,73.6
"Key West, FL",TAX,°F,74.4,75.7,78.2,81,84.6,87.7,89,89.4,87.7,84.5,79.6,75.7,82.3
"Key West, FL",V,mi/hr,11,10.5,11,11.2,9.8,8.7,8.5,8.3,8.7,10.1,11.2,10.5,10.1
"Key West, FL",I,Btu/ft2/day,1206,1462,1805,2069,2131,2035,2041,1943,1667,1465,1240,1098,1680
"Key West, FL",PA,lb/in2,,,,,,,,,,,,,14.69
"Miami, FL",TAN,°F,61.2,62.6,65.8,69.4,73.9,76.6,78.1,78.2,77.3,74.3,68.4,63.6,70.8
"Miami, FL",TAX,°F,75.5,77,79.6,82.4,86.2,88.4,89.9,90,88.2,85.1,80.5,76.9,83.3
"Miami, FL",V,mi/hr,8.5,8.5,9.6,9.8,8.7,7.4,7.2,6.9,7.4,8.3,8.5,8.1,8.3
"Miami, FL",I,Btu/ft2/day,1118,1346,1625,1875,1938,1737,1813,1701,1456,1309,1113,1015,1504
"Miami, FL",PA,lb/in2,,,,,,,,,,,,,14.68
"Orlando, FL",TAN,°F,50.5,52.5,56.5,61,67.3,72.4,74,74.4,73.2,66.8,58.7,52.9,63.4
"Orlando, FL",TAX,°F,70.7,72.8,77.2,81.7,87.2,89.5,90.8,90.5,88.3,83.4,77,71.8,81.8
"Orlando, FL",V,mi/hr,8.3,8.7,9.2,8.7,8.1,6.9,6.3,6.5,7.2,7.8,8.1,7.8,7.8
"Orlando, FL",I,Btu/ft2/day,1043,1257,1588,1904,2021,1849,1854,1726,1506,1328,1096,944,1510
"Orlando, FL",PA,lb/in2,,,,,,,,,,,,,14.65
"Pensacola, FL",TAN,°F,43.5,46,52,58.6,67,73.3,75.2,74.8,71.1,61.1,51,44.6,59.9
"Pensacola, FL",TAX,°F,61,63.9,69.8,75.6,83.4,88.4,89.9,89.4,86.6,79,70.1,62.6,76.6
"Pensacola, FL",V,mi/hr,8.7,8.7,9.2,9.2,8.3,7.2,6.5,6.3,7.2,7.4,7.8,8.1,7.8
"Pensacola, FL",I,Btu/ft2/day,890,1144,1504,1813,2038,2019,1911,1783,1594,1327,1040,830,1491
"Pensacola, FL",PA,lb/in2,,,,,,,,,,,,,14.63
"Tallahassee, FL",TAN,°F,40.5,42.4,47.9,53.7,62.8,70.3,72.8,72.8,69.1,58.2,47.6,41.5,56.6
"Tallahassee, FL",TAX,°F,63.6,66.8,73.3,79.4,86.7,90.1,91.6,90.9,87.9,80.9,72,64.7,79
"Tallahassee, FL",V,mi/hr,5.8,6.3,6.5,6.3,6,5.1,4.5,4.7,5.6,5.4,5.4,5.4,5.6
"Tallahassee, FL",I,Btu/ft2/day,933,1195,1553,1904,2031,1925,1866,1764,1565,1327,1070,872,1500
"Tallahassee, FL",PA,lb/in2,,,,,,,,,,,,,14.65
"Tampa, FL",TAN,°F,52.3,54.1,58.5,63.5,70.2,74.8,76.2,76.2,74.6,68.2,59.9,54.3,65.2
"Tampa, FL",TAX,°F,69.8,71.6,75.9,80.8,86.7,89.1,89.5,89.6,88.4,83.8,77.1,71.4,81.2
"Tampa, FL",V,mi/hr,7.2,7.4,8.1,7.8,7.2,6.5,5.6,5.6,6.3,6.7,6.9,6.7,6.7
"Tampa, FL",I,Btu/ft2/day,1073,1294,1656,1991,2124,1962,1851,1732,1561,1394,1158,990,1566
"Tampa, FL",PA,lb/in2,,,,,,,,,,,,,14.68
"Vero Beach, FL",TAN,°F,52.7,54.2,58.2,62.3,68.5,72.6,73.9,73.9,73.9,69.6,62,56.4,64.9
"Vero Beach, FL",TAX,°F,72.3,73.9,77.1,80.2,84.6,87.9,89.4,89.3,87.5,83.7,78.3,74.1,81.5
"Vero Beach, FL",V,mi/hr,8.5,8.7,9.6,9.6,8.9,7.6,6.7,6.7,7.4,8.5,8.5,8.1,8.3
"Vero Beach, FL",I,Btu/ft2/day,1052,1300,1593,1906,2000,1848,1898,1752,1516,1318,1083,949,1518
"Vero Beach, FL",PA,lb/in2,,,,,,,,,,,,,14.68
"West Palm Beach, FL",TAN,°F,58.1,59.4,63.1,67.1,72,75.1,76.4,76.6,76,72.6,65.8,60.6,68.6
"West Palm Beach, FL",TAX,°F,74,75.6,78.4,81.2,85.3,87.8,89.2,89.3,87.6,84.4,79.4,75.5,82.3
"West Palm Beach, FL",V,mi/hr,9.8,9.8,11,10.7,9.8,7.8,7.4,7.4,8.3,9.4,9.8,9.4,9.2
"West Palm Beach, FL",I,Btu/ft2/day,1105,1342,1635,1912,1999,1852,1936,1789,1555,1352,1113,998,1549
"West Palm Beach, FL",PA,lb/in2,,,,,,,,,,,,,14.68
"Athens, GA",TAN,°F,34.4,36.8,43.1,50.1,58.9,66.7,70.2,69.6,63.3,52,42.4,35.5,51.9
"Athens, GA",TAX,°F,53.2,56.8,64.8,72.9,80.2,86.7,89.8,88.6,82.7,73.1,63.5,54.5,72.2
"Athens, GA",V,mi/hr,7.4,7.4,7.6,6.9,6,5.4,5.1,4.9,5.6,5.6,6,6.7,6.3
"Athens, GA",I,Btu/ft2/day,819,1062,1390,1764,1951,1978,1946,1760,1487,1211,915,743,1419
"Athens, GA",PA,lb/in2,,,,,,,,,,,,,14.27
"Atlanta, GA",TAN,°F,35.5,38.2,44.8,52.3,61.2,68.5,71.7,71.3,65.4,54.4,44.2,37.1,53.7
"Atlanta, GA",TAX,°F,52.8,56.5,64.1,72.2,79.5,85.5,88.4,87.6,81.9,72.4,62.7,53.9,71.5
"Atlanta, GA",V,mi/hr,9.4,9.4,9.6,8.7,7.8,7.4,6.9,6.7,7.6,7.8,8.1,8.9,8.3
"Atlanta, GA",I,Btu/ft2/day,801,1046,1379,1747,1925,1949,1925,1739,1477,1201,896,718,1400
"Atlanta, GA",PA,lb/in2,,,,,,,,,,,,,14.17
"Augusta, GA",TAN,°F,34.7,36.7,43,49.6,58.6,67.2,70.5,70,63.7,51.9,41.8,35.3,51.9
"Augusta, GA",TAX,°F,57.7,61.1,68.7,76.4,83.8,89.2,91.8,90.6,85.5,76.6,67.6,58.9,75.7
"Augusta, GA",V,mi/hr,6,6.3,6.7,6.3,5.6,4.9,4.7,4,4.7,4.5,4.9,5.4,5.4
"Augusta, GA",I,Btu/ft2/day,836,1084,1432,1806,1995,1979,1965,1782,1509,1214,935,775,1443
"Augusta, GA",PA,lb/in2,,,,,,,,,,,,,14.62
"Columbus, GA",TAN,°F,38,40.4,46.6,53.5,62.9,70.1,73.2,72.7,67.3,56.2,45.9,39.1,55.5
"Columbus, GA",TAX,°F,57.4,61.2,68.7,76,83.4,88.5,91.3,90.4,85.5,76.4,67.2,58.4,75.4
"Columbus, GA",V,mi/hr,6.5,6.7,7.2,6.7,6.3,5.6,5.6,5.1,6,5.6,5.6,6,6
"Columbus, GA",I,Btu/ft2/day,823,1079,1409,1773,1936,1936,1936,1718,1491,1211,949,753,1418
"Columbus, GA",PA,lb/in2,,,,,,,,,,,,,14.49
"Macon, GA",TAN,°F,36.3,38.6,44.8,51,60.1,68.3,71.6,70.8,64.7,53,43,36.8,53.2
"Macon, GA",TAX,°F,57.8,61.3,68.8,76.1,83.9,89,91.7,90.5,85.5,76.6,67.6,58.9,75.7
"Macon, GA",V,mi/hr,6.7,6.7,6.9,6.5,6,5.4,4.9,4.7,5.4,5.1,5.4,6,5.8
"Macon, GA",I,Btu/ft2/day,852,1107,1460,1839,2026,1978,1981,1788,1523,1233,960,783,1461
"Macon, GA",PA,lb/in2,,,,,,,,,,,,,14.5
"Savannah, GA",TAN,°F,40,42,48.3,54.5,62.9,70.4,73.3,73,68.6,58.1,47.9,41.3,56.7
"Savannah, GA",TAX,°F,60.5,63.5,70.2,76.9,83.6,88.3,91.3,89.7,85.2,77.6,69.5,61.8,76.5
"Savannah, GA",V,mi/hr,7.2,7.4,7.8,7.4,6.7,6.3,5.6,5.6,6.5,6.3,6,6.5,6.5
"Savannah, GA",I,Btu/ft2/day,876,1134,1484,1847,2015,1947,1981,1765,1477,1224,993,817,1464
"Savannah, GA",PA,lb/in2,,,,,,,,,,,,,14.66
"Hilo, HI",TAN,°F,64.1,64,65.1,65.9,67.2,68.5,69.5,70,69.4,68.8,67.5,65.6,67.1
"Hilo, HI",TAX,°F,78.6,78.1,78.5,78.7,80.7,81.9,82.7,83,83,82.3,80.4,79,80.6
"Hilo, HI",V,mi/hr,6.7,7.2,7.2,6.9,6.7,6.5,6.5,6.3,6.3,6.3,6.3,6.5,6.5
"Hilo, HI",I,Btu/ft2/day,1187,1316,1431,1617,1743,1820,1822,1748,1672,1413,1137,1076,1498
"Hilo, HI",PA,lb/in2,,,,,,,,,,,,,14.68
"Honolulu, HI",TAN,°F,67.1,67.3,68.5,70.3,71.8,74.3,75.3,76,75.1,74.2,72.1,69.5,71.8
"Honolulu, HI",TAX,°F,79.5,79.6,80.4,82.3,84.1,86.3,87.2,88,87.6,86,83.2,80.8,83.8
"Honolulu, HI",V,mi/hr,8.7,9.2,10.3,11.2,10.3,12.1,12.1,12.1,10.5,10.1,9.6,9.4,10.5
"Honolulu, HI",I,Btu/ft2/day,1279,1511,1737,1995,2071,2155,2127,2075,1901,1595,1318,1177,1745
"Honolulu, HI",PA,lb/in2,,,,,,,,,,,,,14.69
"Kahului, HI",TAN,°F,64,63.7,65,66.5,67.7,70.3,71.8,72.3,71.2,70.2,68.4,65.9,68.1
"Kahului, HI",TAX,°F,79.7,79.7,80.3,81.6,83.9,85.5,86.3,87,87,86,83.1,80.9,83.4
"Kahului, HI",V,mi/hr,10.5,11.2,11.9,13,12.1,14.8,15,14.5,12.8,11.9,11.2,10.7,12.5
"Kahului, HI",I,Btu/ft2/day,1335,1552,1727,1984,2126,2228,2164,2115,1932,1682,1377,1257,1790
"Kahului, HI",PA,lb/in2,,,,,,,,,,,,,14.66
"Lihue, HI",TAN,°F,66,66.3,67.4,69.3,71,73.7,74.6,75.2,74.7,73.7,71.3,68.7,71
"Lihue, HI",TAX,°F,77.1,76.6,77.3,78.2,80.5,82.4,83.4,83.9,84,82.7,80,78.2,80.4
"Lihue, HI",V,mi/hr,11.9,12.5,13.2,14.3,12.8,14.3,14.8,14.3,13,13,13.2,12.8,13.4
"Lihue, HI",I,Btu/ft2/day,1193,1375,1566,1755,1941,2022,1956,1918,1779,1427,1161,1036,1594
"Lihue, HI",PA,lb/in2,,,,,,,,,,,,,14.63
"Boise, ID",TAN,°F,26.2,29,34.5,39.3,47.2,53.9,61.5,60.5,52.2,41.3,31.9,26.2,42
"Boise, ID",TAX,°F,38.5,45.3,54.4,61,71.3,80,91.3,89.3,79.1,64,47.8,38.5,63.4
"Boise, ID",V,mi/hr,6.9,7.6,8.7,8.7,8.3,8.1,7.6,7.4,7.2,7.2,6.9,7.4,7.6
"Boise, ID",I,Btu/ft2/day,492,831,1255,1705,2135,2360,2476,2163,1695,1102,580,427,1435
"Boise, ID",PA,lb/in2,,,,,,,,,,,,,13.52
"Lewiston, ID",TAN,°F,30.7,32.4,36.4,41.2,48.1,54.1,61.3,60.3,52.4,42,34.7,29.9,43.6
"Lewiston, ID",TAX,°F,41.1,46.7,54.1,60.9,70.1,77.1,88.9,88.1,78.2,61.6,47.4,39.7,62.8
"Lewiston, ID",V,mi/hr,6,5.6,6,6,5.6,5.6,5.6,5.4,4.7,4.7,5.4,6,5.6
"Lewiston, ID",I,Btu/ft2/day,407,698,1068,1497,1870,2063,2307,2003,1473,882,448,326,1254
"Lewiston, ID",PA,lb/in2,,,,,,,,,,,,,13.95
"Pocatello, ID",TAN,°F,18,20.7,27.9,33.5,40.8,47,53.2,51.5,42.9,33.8,24.4,18.7,34.4
"Pocatello, ID",TAX,°F,33.4,38.1,49,57.4,67.9,76.7,87.9,86.8,76,60.7,44.5,33.8,59.3
"Pocatello, ID",V,mi/hr,9.4,8.9,10.5,11.2,10.3,9.6,8.5,8.5,8.3,9.4,9.4,9.4,9.4
"Pocatello, ID",I,Btu/ft2/day,485,817,1292,1680,2084,2327,2398,2081,1634,1103,605,413,1410
"Pocatello, ID",PA,lb/in2,,,,,,,,,,,,,12.52
"Chicago, IL",TAN,°F,17.7,21.4,29.8,39.8,49.3,59.3,64.9,64,55.3,44.2,33.3,22.3,41.8
"Chicago, IL",TAX,°F,30.7,35.2,46,58.4,69.1,78.9,83,81,74.2,61.8,47.7,34.9,58.4
"Chicago, IL",V,mi/hr,11,10.7,11,11.2,9.8,8.5,8.3,7.8,8.3,9.6,10.5,10.3,9.8
"Chicago, IL",I,Btu/ft2/day,487,755,1103,1453,1718,1939,1898,1621,1332,913,549,423,1183
"Chicago, IL",PA,lb/in2,,,,,,,,,,,,,14.34
"Moline, IL",TAN,°F,15.3,20.2,29.9,40.9,51.2,61,65.1,63.5,54.2,43.2,31.9,20.3,41.4
"Moline, IL",TAX,°F,30.5,35.8,48.7,62.1,72.3,81.6,84.5,82.8,76.2,63.8,48.7,34.9,60.2
"Moline, IL",V,mi/hr,9.2,8.9,9.8,10.1,8.5,6.9,6.3,5.8,6.5,7.8,8.7,8.5,8.1
"Moline, IL",I,Btu/ft2/day,532,798,1181,1469,1756,1959,1949,1712,1400,946,593,456,1229
"Moline, IL",PA,lb/in2,,,,,,,,,,,,,14.39
"Peoria, IL",TAN,°F,17.8,22.2,31.4,42.4,52.4,62,65.8,64.6,55.7,44.3,33.3,22.5,42.9
"Peoria, IL",TAX,°F,32.1,37.8,50,62.6,72.3,81.4,84.5,83,76.5,64.1,49.7,36.4,60.9
"Peoria, IL",V,mi/hr,9.2,9.2,9.8,10.1,8.5,7.2,6.5,6,6.5,7.8,8.9,8.7,8.3
"Peoria, IL",I,Btu/ft2/day,553,845,1179,1503,1746,1990,1982,1724,1444,983,608,475,1253
"Peoria, IL",PA,lb/in2,,,,,,,,,,,,,14.34
"Rockford, IL",TAN,°F,14.1,18.5,27.7,38.6,48.9,59.1,62.8,61.6,52.6,41.4,30.6,18.9,39.6
"Rockford, IL",TAX,°F,28.3,33.4,45.7,59.4,70.1,79.5,82.5,81,74.2,61.7,46.5,32.8,57.9
"Rockford, IL",V,mi/hr,9.8,9.8,10.5,11.2,9.6,7.8,7.2,6.7,7.4,8.9,9.8,9.4,8.9
"Rockford, IL",I,Btu/ft2/day,483,766,1123,1442,1700,1933,1881,1647,1337,902,545,401,1180
"Rockford, IL",PA,lb/in2,,,,,,,,,,,,,14.32
"Springfield_IL, IL",TAN,°F,19.9,24.2,32.9,43.4,53.8,62.7,65.6,64.5,55,44.6,34.6,24.4,43.8
"Springfield_IL, IL",TAX,°F,34.3,40.2,51.7,64.3,73.9,82.1,85,84.1,78.2,66.1,51.7,38.7,62.5
"Springfield_IL, IL",V,mi/hr,10.7,10.7,11.2,11.4,9.4,7.6,6.5,6.3,6.7,8.7,10.5,10.3,9.2
"Springfield_IL, IL",I,Btu/ft2/day,561,862,1179,1513,1747,1983,2017,1766,1459,1035,641,501,1272
"Springfield_IL, IL",PA,lb/in2,,,,,,,,,,,,,14.39
"Evansville, IN",TAN,°F,25.9,28.6,36.3,46.3,56.2,65.2,68.6,66.8,58.1,47.1,37.4,28.8,47.1
"Evansville, IN",TAX,°F,40.7,45.6,55.6,67.2,76,84.4,87.2,87.3,80.6,69.2,55.5,43.8,66.1
"Evansville, IN",V,mi/hr,8.3,8.3,8.3,8.5,6.9,6,5.6,5.1,5.4,6,7.4,7.6,6.9
"Evansville, IN",I,Btu/ft2/day,598,880,1173,1574,1796,2005,1994,1850,1484,1097,693,525,1306
"Evansville, IN",PA,lb/in2,,,,,,,,,,,,,14.49
"Fort Wayne, IN",TAN,°F,18.6,21.5,29.6,40,50,60.4,63.2,61.6,53.1,42.9,33.5,23.5,41.5
"Fort Wayne, IN",TAX,°F,32,36.2,47.4,60.7,70.9,80.1,83.2,81.3,75.5,63.1,49,36.1,59.6
"Fort Wayne, IN",V,mi/hr,11,10.5,10.5,10.7,9.4,7.6,6.9,6.3,6.9,8.5,9.8,10.3,9.2
"Fort Wayne, IN",I,Btu/ft2/day,490,750,1131,1458,1709,1923,1944,1677,1371,935,560,420,1197
"Fort Wayne, IN",PA,lb/in2,,,,,,,,,,,,,14.29
"Indianapolis, IN",TAN,°F,21.5,24.7,33.3,43.8,53.5,63.1,66.2,65.5,57.2,45.7,35.7,25.9,44.7
"Indianapolis, IN",TAX,°F,35.6,40.2,51.2,63.3,72.3,81.1,84.1,83.6,77.3,65.1,51.6,39.3,62
"Indianapolis, IN",V,mi/hr,11,11,11,11.4,9.6,8.3,7.8,7.4,7.8,8.9,10.3,10.5,9.6
"Indianapolis, IN",I,Btu/ft2/day,550,815,1165,1486,1757,1958,1934,1739,1441,1012,615,472,1245
"Indianapolis, IN",PA,lb/in2,,,,,,,,,,,,,14.29
"South Bend, IN",TAN,°F,18.6,21.4,28.9,39.2,49.2,59.4,63.3,62.2,54,43.4,33.5,23.6,41.4
"South Bend, IN",TAX,°F,31.3,35.4,46.5,59.5,69.6,79.1,82.3,80.5,73.9,61.7,47.8,35.5,58.6
"South Bend, IN",V,mi/hr,10.7,10.3,10.3,10.5,9.2,7.6,7.4,6.7,7.2,8.5,9.6,10.1,8.9
"South Bend, IN",I,Btu/ft2/day,433,698,1130,1471,1729,1935,1898,1646,1335,889,518,389,1173
"South Bend, IN",PA,lb/in2,,,,,,,,,,,,,14.29
"Des Moines, IA",TAN,°F,14.1,19.3,29.6,41.3,52.4,62.4,66.6,64.9,55.1,43.6,30.9,19.3,41.6
"Des Moines, IA",TAX,°F,29.6,35.5,48,61.3,71.2,80.5,84.3,82.7,75.5,62.9,47.4,34.5,59.5
"Des Moines, IA",V,mi/hr,10.3,10.1,11,11.2,10.1,8.7,8.1,7.6,8.5,9.6,10.3,9.8,9.6
"Des Moines, IA",I,Btu/ft2/day,545,817,1181,1507,1782,1979,1995,1762,1435,986,613,482,1257
"Des Moines, IA",PA,lb/in2,,,,,,,,,,,,,14.2
"Dubuque, IA",TAN,°F,11.8,16.7,27,38.4,49,58.9,62.3,60.9,52.1,40.7,29.2,17,38.7
"Dubuque, IA",TAX,°F,26,31.1,43.6,57.6,68.4,77.6,80.4,78.9,71.9,59.5,44.3,30.6,55.8
"Dubuque, IA",V,mi/hr,11,11,11.4,11.9,10.1,8.5,7.6,7.2,8.3,10.1,11,10.5,9.8
"Dubuque, IA",I,Btu/ft2/day,503,764,1135,1476,1718,1933,1904,1668,1348,903,551,422,1194
"Dubuque, IA",PA,lb/in2,,,,,,,,,,,,,14.14
"Mason City, IA",TAN,°F,7.8,12.9,24.1,35.7,47.4,57.7,61,58.6,48.9,37.7,25.5,13.5,35.9
"Mason City, IA",TAX,°F,23.6,29,41.6,57.7,68.9,78.5,81.6,79.4,72.9,59.8,42.9,28.7,55.4
"Mason City, IA",V,mi/hr,12.3,12.3,12.5,13.2,12.3,10.3,8.7,7.8,9.2,11,11.9,11.9,11.2
"Mason City, IA",I,Btu/ft2/day,469,722,1111,1479,1707,1902,1944,1678,1308,878,538,388,1177
"Mason City, IA",PA,lb/in2,,,,,,,,,,,,,14.07
"Sioux City, IA",TAN,°F,11,16.5,26.3,37.9,49.7,59.7,63.9,61.6,51.2,39.2,26.2,15.3,38.2
"Sioux City, IA",TAX,°F,28.9,34.7,46.7,61.1,72.2,81.2,84.4,82.6,76,63,46.2,32.7,59.1
"Sioux City, IA",V,mi/hr,11,11,11.4,12.5,11.6,9.6,8.3,7.8,9.2,10.1,10.7,10.7,10.3
"Sioux City, IA",I,Btu/ft2/day,522,787,1178,1532,1774,2010,2046,1787,1418,982,624,468,1260
"Sioux City, IA",PA,lb/in2,,,,,,,,,,,,,14.13
"Waterloo, IA",TAN,°F,9.7,15.3,26.2,37.7,49.4,59.7,62.8,60.4,51,39.6,27.4,15.3,37.9
"Waterloo, IA",TAX,°F,26.3,31.5,44.6,59.6,70.6,80,82.7,80.8,74.7,61.5,45.3,31.2,57.4
"Waterloo, IA",V,mi/hr,10.5,10.7,11.2,11.9,10.5,8.7,7.6,7.2,8.1,9.6,10.3,10.1,9.6
"Waterloo, IA",I,Btu/ft2/day,505,755,1131,1451,1722,1924,1952,1698,1357,909,554,418,1198
"Waterloo, IA",PA,lb/in2,,,,,,,,,,,,,14.24
"Concordia, KS",TAN,°F,19.3,23.3,31.9,42,52.8,62.7,68,66.1,56.5,44.6,32,22.1,43.4
"Concordia, KS",TAX,°F,37.6,43.2,53.9,64,73.7,84.3,89.7,87.9,79.3,66.8,51.6,40,64.3
"Concordia, KS",V,mi/hr,10.3,10.7,12.1,12.8,11.2,10.7,10.1,9.4,10.5,10.7,11,10.3,10.7
"Concordia, KS",I,Btu/ft2/day,701,948,1319,1647,1881,2123,2140,1916,1544,1128,772,608,1394
"Concordia, KS",PA,lb/in2,,,,,,,,,,,,,13.94
"Dodge City, KS",TAN,°F,20.8,24.4,31.6,40.9,52.1,61.4,66.7,65.4,56.1,43.7,30.7,22.6,43
"Dodge City, KS",TAX,°F,43.6,48.3,57.2,66.7,76.6,86,91.9,89.7,81.5,69.2,55.1,44.6,67.6
"Dodge City, KS",V,mi/hr,12.1,12.8,14.1,14.8,13.6,13.2,12.1,11.4,12.8,12.8,12.5,12.1,13
"Dodge City, KS",I,Btu/ft2/day,816,1068,1439,1786,2049,2230,2272,1980,1636,1239,889,740,1512
"Dodge City, KS",PA,lb/in2,,,,,,,,,,,,,13.39
"Goodland, KS",TAN,°F,17.7,20.4,27.1,35.3,46.3,56.3,62,60.5,50.6,38.1,26.5,18.8,38.3
"Goodland, KS",TAX,°F,41.8,45.4,54.4,62.7,72.9,83.2,89.2,86.3,78.5,65.6,51.7,42.9,64.5
"Goodland, KS",V,mi/hr,11.6,12.1,13.2,13.9,13,12.3,11,10.5,11.4,11.9,11.6,11.6,12.1
"Goodland, KS",I,Btu/ft2/day,785,1014,1426,1762,2007,2274,2301,2013,1646,1216,826,681,1496
"Goodland, KS",PA,lb/in2,,,,,,,,,,,,,12.88
"Russell, KS",TAN,°F,18.8,22.8,31.4,40.9,52.3,62.4,67.6,66.3,56.5,43.7,30.5,21.3,42.9
"Russell, KS",TAX,°F,40.7,45.6,55.6,65.2,75.1,85.6,91.6,89.1,80.7,68.3,53.9,42.3,66.1
"Russell, KS",V,mi/hr,11.4,12.1,13.4,14.3,12.8,12.5,11.9,11.2,12.3,12.8,12.3,11.6,12.3
"Russell, KS",I,Btu/ft2/day,739,986,1343,1669,1944,2144,2176,1927,1571,1153,818,655,1427
"Russell, KS",PA,lb/in2,,,,,,,,,,,,,13.74
"Topeka, KS",TAN,°F,20.3,25.1,33.7,44.3,55,64.6,69.3,67.4,57,45.8,33.8,24,45
"Topeka, KS",TAX,°F,39,45.3,55.7,65.9,75.4,83.9,89,88.5,79.6,68.1,53.9,42.3,65.6
"Topeka, KS",V,mi/hr,8.1,8.3,9.6,9.8,8.3,7.6,6.7,6,6.7,7.4,8.1,7.6,7.8
"Topeka, KS",I,Btu/ft2/day,679,944,1277,1574,1809,2027,2069,1864,1497,1102,733,598,1348
"Topeka, KS",PA,lb/in2,,,,,,,,,,,,,14.23
"Wichita, KS",TAN,°F,23.1,27.4,35.7,45.2,56.2,65.5,70.3,69.3,60,47.7,35.5,25.8,46.8
"Wichita, KS",TAX,°F,42.2,48.5,57.3,67,76.3,85.8,91.3,90.4,81.7,69.6,55.7,44,67.5
"Wichita, KS",V,mi/hr,11,11.4,12.8,13.4,11.6,11.6,10.7,10.1,10.7,11.2,11.4,10.7,11.4
"Wichita, KS",I,Btu/ft2/day,763,1050,1345,1701,1930,2132,2179,1961,1567,1173,831,666,1442
"Wichita, KS",PA,lb/in2,,,,,,,,,,,,,14.01
"Cincinnati, KY",TAN,°F,23.8,26.2,34.1,44.3,53.7,62.5,66.1,65.4,57.4,45.9,36.2,27.4,45.2
"Cincinnati, KY",TAX,°F,38.3,42.3,52.2,64.2,72.9,81.2,84.4,84.2,77.5,65.6,52.9,41.4,63.1
"Cincinnati, KY",V,mi/hr,9.4,9.6,9.8,9.6,7.8,6.9,6.5,6.3,6.7,7.4,8.7,8.9,8.1
"Cincinnati, KY",I,Btu/ft2/day,553,832,1167,1532,1782,1956,1937,1768,1439,1027,644,487,1260
"Cincinnati, KY",PA,lb/in2,,,,,,,,,,,,,14.24
"Jackson_KY, KY",TAN,°F,27.9,30.5,37.8,47.7,55.4,63.1,66.6,65.7,58.9,48.7,39.6,31.4,47.8
"Jackson_KY, KY",TAX,°F,43.1,46.9,56.2,67.4,73.7,80.4,83.2,83.4,77.3,67.4,55.9,46.2,65.1
"Jackson_KY, KY",V,mi/hr,6,6,6.3,6.3,4.5,3.6,3.4,3.1,3.8,4.3,5.4,5.6,4.9
"Jackson_KY, KY",I,Btu/ft2/day,591,831,1165,1534,1745,1909,1882,1752,1416,1060,708,539,1261
"Jackson_KY, KY",PA,lb/in2,,,,,,,,,,,,,13.98
"Lexington, KY",TAN,°F,25.9,28.5,35.9,45.6,55,63.4,66.9,65.8,58.3,47.1,37.4,28.9,46.5
"Lexington, KY",TAX,°F,40.8,44.8,54.2,65.4,73.6,81.8,84.9,84.9,78.3,66.9,54.4,43.5,64.5
"Lexington, KY",V,mi/hr,9.4,9.2,9.2,9.2,7.6,6.5,6,5.8,6.3,7.2,8.3,8.7,7.8
"Lexington, KY",I,Btu/ft2/day,571,841,1177,1572,1814,1963,1925,1782,1444,1079,688,517,1281
"Lexington, KY",PA,lb/in2,,,,,,,,,,,,,14.18
"Louisville, KY",TAN,°F,27.7,30.5,38.2,48.2,57.8,66.8,70.3,69.4,61.2,49.7,39.7,30.9,49.2
"Louisville, KY",TAX,°F,42.3,46.8,56.6,67.9,76,84.1,87.3,87.4,80.6,69.2,56.6,44.9,66.7
"Louisville, KY",V,mi/hr,8.9,8.9,8.9,8.9,7.6,6.9,6.7,6.3,6.3,6.7,7.8,8.1,7.6
"Louisville, KY",I,Btu/ft2/day,595,895,1206,1563,1816,1982,1963,1811,1471,1073,692,520,1299
"Louisville, KY",PA,lb/in2,,,,,,,,,,,,,14.45
"Paducah, KY",TAN,°F,27.4,30.6,38.3,47.8,57.2,65.7,69.1,66.8,58.2,47.5,38.2,30,48.1
"Paducah, KY",TAX,°F,43.4,48.5,58.3,69,77.5,85.4,88.3,88.2,81.5,70.6,57.3,46,67.8
"Paducah, KY",V,mi/hr,8.3,8.3,8.9,8.5,6.9,5.8,5.4,4.7,5.1,6,7.4,7.8,6.9
"Paducah, KY",I,Btu/ft2/day,630,893,1224,1607,1820,2017,2031,1888,1494,1121,726,556,1334
"Paducah, KY",PA,lb/in2,,,,,,,,,,,,,14.47
"Baton Rouge, LA",TAN,°F,42.2,44.5,50.5,56.9,65.5,71.4,73.9,73.2,68.6,58.1,48.2,42.8,58
"Baton Rouge, LA",TAX,°F,61.6,65.2,71.4,78,85,89.4,90.9,91.3,87.6,79.7,70.1,63.1,77.8
"Baton Rouge, LA",V,mi/hr,7.2,7.4,7.4,7.4,6.5,5.4,4.9,4.5,5.1,5.4,5.8,6.5,6
"Baton Rouge, LA",I,Btu/ft2/day,822,1075,1375,1736,1894,1914,1896,1813,1553,1291,983,784,1428
"Baton Rouge, LA",PA,lb/in2,,,,,,,,,,,,,14.66
"Lake Charles, LA",TAN,°F,43.4,46.1,52.1,59,67.5,73.4,75.4,74.6,69.9,60.3,50.5,44.6,59.7
"Lake Charles, LA",TAX,°F,61.4,64.7,70.8,77.2,84.2,89,90.6,91.2,87.8,80.3,70.5,63.3,77.6
"Lake Charles, LA",V,mi/hr,8.7,8.9,8.9,8.7,7.4,6.3,5.4,5.1,6.5,7.2,7.6,8.5,7.4
"Lake Charles, LA",I,Btu/ft2/day,833,1046,1395,1727,1920,1977,1930,1825,1575,1321,987,786,1443
"Lake Charles, LA",PA,lb/in2,,,,,,,,,,,,,14.68
"New Orleans, LA",TAN,°F,45.7,48.1,53.8,60.5,68.6,73.9,75.7,75.6,72.7,63.4,52.9,46.9,61.5
"New Orleans, LA",TAX,°F,61.8,65.1,70.9,77.5,84.7,88.9,90.6,90.4,87,79.5,70.5,63.6,77.5
"New Orleans, LA",V,mi/hr,9.2,9.2,9.4,9.4,8.1,6.5,5.8,5.8,7.4,8.1,8.1,8.7,8.1
"New Orleans, LA",I,Btu/ft2/day,873,1114,1454,1798,1964,1928,1856,1791,1570,1328,1038,827,1462
"New Orleans, LA",PA,lb/in2,,,,,,,,,,,,,14.69
"Shreveport, LA",TAN,°F,38.2,41.3,47.8,54.9,64.3,70.9,74,73.4,67.2,56.1,46,39.2,56.1
"Shreveport, LA",TAX,°F,57.2,61.4,68.5,76.1,83.3,89.6,92.9,93.3,87.6,77.8,66.5,58.4,76
"Shreveport, LA",V,mi/hr,8.3,8.3,8.9,8.7,7.6,6.5,6,5.4,6.3,6.3,7.2,7.8,7.2
"Shreveport, LA",I,Btu/ft2/day,783,1001,1342,1709,1837,2007,2049,1915,1575,1251,884,732,1424
"Shreveport, LA",PA,lb/in2,,,,,,,,,,,,,14.56
"Bangor, ME",TAN,°F,8.5,11.1,21.7,32.9,43.3,53.3,58.8,57.1,48.7,37.8,29.5,17.3,35
"Bangor, ME",TAX,°F,27,30.5,39.7,52.7,64.9,74.4,79.1,78.3,69.7,56.8,45.1,33.8,54.3
"Bangor, ME",V,mi/hr,7.8,8.1,8.9,8.9,8.1,7.2,6.7,6.3,6.9,7.8,7.6,7.6,7.6
"Bangor, ME",I,Btu/ft2/day,496,752,1059,1410,1639,1762,1751,1585,1227,792,491,411,1115
"Bangor, ME",PA,lb/in2,,,,,,,,,,,,,14.59
"Caribou, ME",TAN,°F,1.7,4.4,15.9,29.6,40.9,50.6,55.9,53.4,45.3,35.2,25.5,12.1,30.9
"Caribou, ME",TAX,°F,19,22.9,33.5,46.8,61.6,71.2,75.1,73.9,65.4,51.4,38.5,26.5,48.8
"Caribou, ME",V,mi/hr,7.8,8.3,8.7,8.5,7.6,6.7,6,5.8,6.5,7.6,7.6,8.1,7.4
"Caribou, ME",I,Btu/ft2/day,428,674,1034,1390,1684,1800,1703,1542,1136,689,424,353,1071
"Caribou, ME",PA,lb/in2,,,,,,,,,,,,,14.36
"Portland, ME",TAN,°F,14.9,17.1,25.8,35.3,44.8,54.8,60.2,59.2,51.5,40,31.9,21.9,38.1
"Portland, ME",TAX,°F,30.8,33.7,41.3,52.8,62.8,72.6,77.7,77.2,69.4,57.9,47.4,37.2,55.1
"Portland, ME",V,mi/hr,8.1,8.5,9.2,9.2,8.1,7.2,6.7,6.5,6.9,7.6,7.6,8.1,7.8
"Portland, ME",I,Btu/ft2/day,530,803,1111,1471,1714,1838,1844,1688,1295,879,552,458,1182
"Portland, ME",PA,lb/in2,,,,,,,,,,,,,14.66
"Baltimore , MD",TAN,°F,26.6,27.4,34.8,44.3,53.2,63.1,68,66.6,59.1,46.6,37.7,29.6,46.4
"Baltimore , MD",TAX,°F,42.2,44.7,53.5,65.1,73.9,82.8,86.9,85.3,78,66.7,56.2,45.5,65
"Baltimore , MD",V,mi/hr,7.8,8.3,8.7,8.3,7.2,6.5,6,5.6,6.3,6.3,6.9,7.4,7.2
"Baltimore , MD",I,Btu/ft2/day,653,929,1231,1555,1774,1918,1866,1681,1350,1036,709,580,1274
"Baltimore , MD",PA,lb/in2,,,,,,,,,,,,,14.62
"Boston, MA",TAN,°F,23.1,25,31.7,41.2,50.4,60.3,66,65.2,58.2,47.2,38.6,29.1,44.7
"Boston, MA",TAX,°F,36.2,38.3,45.1,55.8,65.7,75.8,80.8,79.3,72.1,61.3,51.1,41.4,58.6
"Boston, MA",V,mi/hr,12.5,12.8,13,12.1,11.2,10.3,10.1,9.8,10.5,11.2,11.4,12.5,11.4
"Boston, MA",I,Btu/ft2/day,558,833,1113,1461,1703,1811,1830,1657,1284,913,576,475,1184
"Boston, MA",PA,lb/in2,,,,,,,,,,,,,14.68
"Worchester, MA",TAN,°F,17.7,19.6,26.9,37.5,47.2,56.9,62,61.1,53.7,42.4,33.8,23.8,40.2
"Worchester, MA",TAX,°F,31.2,34,42.2,55,65.2,73.5,77.9,76.7,68.9,57.8,47.3,36.6,55.5
"Worchester, MA",V,mi/hr,11.4,11.9,11.4,10.7,10.1,9.2,8.9,8.5,8.9,10.1,10.5,11.6,10.3
"Worchester, MA",I,Btu/ft2/day,567,821,1123,1454,1675,1764,1848,1619,1276,903,584,477,1176
"Worchester, MA",PA,lb/in2,,,,,,,,,,,,,14.18
"Alpena, MI",TAN,°F,12.7,12.1,19.8,31.5,41.4,51.3,56.1,54.7,47.4,37.7,29.3,19.4,34.4
"Alpena, MI",TAX,°F,26.9,29.1,38.3,51.6,63.9,74.3,78,76.8,69.1,56.1,43.1,32.3,53.3
"Alpena, MI",V,mi/hr,8.3,8.3,8.3,8.7,7.8,6.5,6.3,6,6.7,7.4,7.8,7.8,7.4
"Alpena, MI",I,Btu/ft2/day,401,653,1103,1457,1771,1948,1896,1632,1232,752,439,346,1136
"Alpena, MI",PA,lb/in2,,,,,,,,,,,,,14.33
"Detroit Metro_AP, MI",TAN,°F,19.6,21.6,28.8,39.9,49.9,60.5,64.1,63.4,55.2,44,34.6,24.9,42.2
"Detroit Metro_AP, MI",TAX,°F,31.9,34.9,45.4,58.7,69.1,78.9,82.3,80.7,73.7,61.4,48.1,36.1,58.4
"Detroit Metro_AP, MI",V,mi/hr,11,10.3,10.1,10.3,8.9,8.1,8.1,7.2,7.6,9.2,10.1,10.3,9.2
"Detroit Metro_AP, MI",I,Btu/ft2/day,479,755,1117,1442,1738,1922,1896,1620,1332,861,510,400,1173
"Detroit Metro_AP, MI",PA,lb/in2,,,,,,,,,,,,,14.36
"Detroit - City, MI",TAN,°F,20.9,22.5,29.3,40.1,50.3,61.1,65.5,64.6,56.6,45.4,35.8,26.1,43.2
"Detroit - City, MI",TAX,°F,32.3,35.3,45,58.1,68.9,79,82.8,81,73.8,61.2,48.1,36.5,58.5
"Detroit - City, MI",V,mi/hr,10.1,9.8,9.6,9.8,8.7,7.6,7.6,6.9,7.4,8.5,9.2,9.6,8.7
"Detroit - City, MI",I,Btu/ft2/day,469,746,1120,1437,1711,1884,1850,1585,1316,870,507,409,1159
"Detroit - City, MI",PA,lb/in2,,,,,,,,,,,,,14.36
"Flint, MI",TAN,°F,16.7,18.2,25.7,36.6,46.6,56.9,60,59.1,50.8,40.8,32,22.3,38.8
"Flint, MI",TAX,°F,29.8,33,43.4,57.1,68.1,77.9,81.1,79.4,72.4,59.7,46.5,34.4,56.9
"Flint, MI",V,mi/hr,10.3,10.3,10.3,10.5,9.2,7.6,7.4,6.9,7.6,8.9,9.6,9.6,8.9
"Flint, MI",I,Btu/ft2/day,440,713,1104,1474,1747,1947,1921,1635,1309,839,491,394,1168
"Flint, MI",PA,lb/in2,,,,,,,,,,,,,14.29
"Grand Rapids, MI",TAN,°F,18.2,19.7,26.7,37.5,47.8,58,61.7,60.8,52.4,41.8,32.6,23.7,40.1
"Grand Rapids, MI",TAX,°F,29.8,32.8,43.4,57.2,68.2,77.9,81.1,79.4,72.2,59.5,46.1,34.4,56.8
"Grand Rapids, MI",V,mi/hr,11,10.5,10.5,11,9.8,8.3,8.1,7.4,7.8,9.4,10.1,10.3,9.6
"Grand Rapids, MI",I,Btu/ft2/day,405,684,1109,1461,1746,1943,1913,1635,1306,819,487,367,1156
"Grand Rapids, MI",PA,lb/in2,,,,,,,,,,,,,14.27
"Houghton Lake, MI",TAN,°F,12.3,12.3,20.3,32.1,42.9,52.2,55.7,54.2,46.6,37.7,29,19.2,34.5
"Houghton Lake, MI",TAX,°F,26.1,29.1,39.7,53.5,65.5,75.5,78.6,76.9,69.1,55.8,42.3,31,53.6
"Houghton Lake, MI",V,mi/hr,8.7,8.3,8.3,9.2,8.3,6.9,6.7,6.5,6.9,8.1,8.7,8.7,7.8
"Houghton Lake, MI",I,Btu/ft2/day,401,646,1089,1462,1708,1894,1874,1593,1219,763,439,363,1121
"Houghton Lake, MI",PA,lb/in2,,,,,,,,,,,,,14.1
"Lansing, MI",TAN,°F,16.5,17.9,25.4,36.2,46.2,56.4,59.5,58.7,50.3,40.4,31.7,22.1,38.4
"Lansing, MI",TAX,°F,29.8,32.9,43.6,57.3,67.9,77.7,81,79.2,72.3,59.6,46.3,34.3,56.8
"Lansing, MI",V,mi/hr,10.3,10.1,9.8,10.1,8.9,7.6,7.4,6.7,7.2,8.7,9.6,10.1,8.9
"Lansing, MI",I,Btu/ft2/day,459,729,1109,1441,1707,1905,1863,1595,1303,833,494,398,1153
"Lansing, MI",PA,lb/in2,,,,,,,,,,,,,14.26
"Muskegon, MI",TAN,°F,20.2,20.8,26.7,37,46.7,56.7,61.3,60.8,52.4,42.6,33.7,25.2,40.3
"Muskegon, MI",TAX,°F,30.6,33.1,42.5,55.2,65.9,75.3,78.9,77.9,70.9,58.5,45.9,35.2,55.8
"Muskegon, MI",V,mi/hr,11.2,10.7,10.3,10.7,9.4,8.3,8.1,7.8,8.3,9.8,11,11,9.6
"Muskegon, MI",I,Btu/ft2/day,391,659,1102,1479,1775,1986,1962,1671,1290,809,451,339,1160
"Muskegon, MI",PA,lb/in2,,,,,,,,,,,,,14.36
"Sault Ste Marie, MI",TAN,°F,8.1,9.5,18.2,30.9,40.9,49.8,54.8,55,48.4,38.3,28.5,17,33.3
"Sault Ste Marie, MI",TAX,°F,22.2,25.2,34.2,47.8,61.1,70.8,74.2,73.8,65.8,52.4,39.6,29,49.7
"Sault Ste Marie, MI",V,mi/hr,7.8,7.8,8.1,8.7,8.5,7.2,6.9,6.7,7.2,7.8,8.5,8.1,7.8
"Sault Ste Marie, MI",I,Btu/ft2/day,357,617,1042,1473,1794,1962,1837,1611,1128,677,378,291,1097
"Sault Ste Marie, MI",PA,lb/in2,,,,,,,,,,,,,14.32
"Traverse City, MI",TAN,°F,17,16.5,23.3,33.3,43.2,54.2,58.7,58.2,51,40.9,31.7,22.8,37.6
"Traverse City, MI",TAX,°F,28.3,30.6,40.3,53.7,65.6,75.9,79.4,78,70.4,57.5,44.3,33.4,54.8
"Traverse City, MI",V,mi/hr,8.3,8.3,7.6,8.1,6.9,6.3,6.5,6,6.5,7.6,8.1,7.8,7.4
"Traverse City, MI",I,Btu/ft2/day,403,648,1101,1462,1756,1921,1874,1619,1210,725,405,339,1122
"Traverse City, MI",PA,lb/in2,,,,,,,,,,,,,14.37
"Duluth, MN",TAN,°F,2.6,7.1,18.2,30.7,41.4,50.6,55.9,55.4,47.2,35.7,23,9.4,31.4
"Duluth, MN",TAX,°F,18.5,23.9,34.3,48,61,69.8,74.7,73.6,64.7,51,35.6,23,48.2
"Duluth, MN",V,mi/hr,10.5,10.3,10.5,11,10.7,9.4,8.7,8.7,9.6,10.5,10.7,10.3,10.1
"Duluth, MN",I,Btu/ft2/day,461,707,1083,1499,1770,1844,1899,1627,1179,724,441,365,1133
"Duluth, MN",PA,lb/in2,,,,,,,,,,,,,13.95
"International Falls, MN",TAN,°F,-4.5,0.3,13.7,28.4,39.8,50,53.4,51.8,43.2,32.5,19.4,3.7,27.6
"International Falls, MN",TAX,°F,15,21.9,34.5,50.4,63.3,72.4,76.2,75,65.4,50.6,33.8,20,48.2
"International Falls, MN",V,mi/hr,7.8,7.8,8.5,8.5,8.7,7.6,6.9,6.7,7.6,8.3,8.3,7.6,7.8
"International Falls, MN",I,Btu/ft2/day,402,667,1041,1501,1708,1788,1807,1574,1102,657,375,300,1077
"International Falls, MN",PA,lb/in2,,,,,,,,,,,,,14.08
"Minneapolis-St Paul, MN",TAN,°F,8.3,13.6,24.6,37.9,49.6,59.7,64.5,62.5,53.3,40.9,27.5,14.4,38.1
"Minneapolis-St Paul, MN",TAX,°F,22.8,28.5,40.6,56.7,68.3,77.8,81.9,79.8,71.5,57.8,41,27.7,54.5
"Minneapolis-St Paul, MN",V,mi/hr,9.4,9.4,9.8,10.7,10.3,9.2,8.5,8.3,9.2,9.8,9.6,9.2,9.4
"Minneapolis-St Paul, MN",I,Btu/ft2/day,490,752,1116,1476,1712,1856,1930,1655,1265,814,501,389,1163
"Minneapolis-St Paul, MN",PA,lb/in2,,,,,,,,,,,,,14.26
"Rochester_MN, MN",TAN,°F,7.3,12.2,23.6,36,47.4,57.5,60.7,58.8,50.1,38.6,26.2,13.3,36
"Rochester_MN, MN",TAX,°F,21.8,26.8,39.1,55.3,67,76.4,79,77,70.3,57.4,40.7,27.1,53.2
"Rochester_MN, MN",V,mi/hr,13,13,13,13.4,12.8,10.7,9.6,8.9,10.3,11.6,12.8,13,11.9
"Rochester_MN, MN",I,Btu/ft2/day,474,708,1106,1489,1709,1891,1955,1664,1286,848,513,384,1169
"Rochester_MN, MN",PA,lb/in2,,,,,,,,,,,,,14.01
"St Cloud, MN",TAN,°F,2.8,7.8,20.1,33.1,44.5,54.8,58.6,56.5,47.6,35.9,23.1,9.6,32.9
"St Cloud, MN",TAX,°F,20.4,26.3,38.2,55,67.6,76.4,80.7,78.8,70.3,56.2,38.9,25.4,52.9
"St Cloud, MN",V,mi/hr,8.3,8.3,8.7,9.4,9.2,7.8,6.7,6.5,7.4,8.5,8.5,8.3,8.1
"St Cloud, MN",I,Btu/ft2/day,453,700,1094,1527,1754,1906,1967,1669,1259,802,481,367,1165
"St Cloud, MN",PA,lb/in2,,,,,,,,,,,,,14.16
"Jackson, MS",TAN,°F,37,39.3,45.9,53.3,62.5,69.2,72.1,71.4,65.5,53.9,43.9,37.9,54.3
"Jackson, MS",TAX,°F,56.5,60.8,68.1,75.7,83,89,91.1,91.2,86.5,77.1,66.3,58.1,75.3
"Jackson, MS",V,mi/hr,6.7,6.9,7.2,6.7,5.6,4.7,4,4,5.1,5.1,5.4,6.3,5.6
"Jackson, MS",I,Btu/ft2/day,783,1039,1369,1762,1929,2025,1969,1849,1576,1262,922,726,1434
"Jackson, MS",PA,lb/in2,,,,,,,,,,,,,14.53
"Meridian, MS",TAN,°F,35.8,38.1,44.5,51.5,60.8,67.8,70.8,70.2,64.2,52.5,42.5,36.9,53
"Meridian, MS",TAX,°F,57.1,61.4,68.8,76.2,83.4,88.8,91.4,91.1,86.5,77.3,66.9,58.5,75.6
"Meridian, MS",V,mi/hr,6.9,7.2,7.4,6.9,5.8,4.9,4.5,4.3,5.1,5.1,5.6,6.3,5.8
"Meridian, MS",I,Btu/ft2/day,783,1044,1380,1726,1918,1989,1945,1823,1544,1252,924,727,1421
"Meridian, MS",PA,lb/in2,,,,,,,,,,,,,14.53
"Tupelo, MS",TAN,°F,33.2,35.9,43,51,60.2,68.1,71.5,70.6,63.4,51.6,42,34.8,52.1
"Tupelo, MS",TAX,°F,51.3,55.8,64.3,73,80.6,87.4,90.1,90.1,84.2,74.2,62.9,52.8,72.2
"Tupelo, MS",V,mi/hr,7.6,7.8,8.1,7.6,6.3,5.4,4.7,4.7,5.6,5.6,6,6.9,6.3
"Tupelo, MS",I,Btu/ft2/day,730,964,1309,1682,1912,2026,1990,1849,1536,1201,832,648,1390
"Tupelo, MS",PA,lb/in2,,,,,,,,,,,,,14.5
"Columbia_MO, MO",TAN,°F,21.4,26,34.2,44.8,54.6,63.3,67.3,65.9,56.7,46,35.4,25.3,45.1
"Columbia_MO, MO",TAX,°F,37.6,43.9,54.5,65.4,74,82.2,86.6,86.5,77.8,66.7,53.2,41.4,64.2
"Columbia_MO, MO",V,mi/hr,10.3,10.5,11.2,11.2,9.2,8.1,7.4,7.2,7.8,9.2,10.1,10.1,9.4
"Columbia_MO, MO",I,Btu/ft2/day,629,886,1251,1575,1808,2033,2027,1823,1490,1070,690,556,1320
"Columbia_MO, MO",PA,lb/in2,,,,,,,,,,,,,14.23
"Kansas City, MO",TAN,°F,20.4,25.2,33.9,44.9,55.1,64.3,68.8,67.5,57.6,46.8,34.9,24.5,45.3
"Kansas City, MO",TAX,°F,37.1,43.4,54.2,64.8,74.2,82.7,87.2,86.8,78.1,66.5,52.5,40.8,64
"Kansas City, MO",V,mi/hr,10.7,10.7,11.9,12.3,10.3,9.6,8.7,8.5,9.2,10.3,10.7,10.5,10.3
"Kansas City, MO",I,Btu/ft2/day,641,929,1273,1566,1815,1999,2028,1823,1488,1074,701,566,1325
"Kansas City, MO",PA,lb/in2,,,,,,,,,,,,,14.18
"Springfield_MO, MO",TAN,°F,24.3,28.5,35.8,45.6,55.5,63.9,68.3,67.3,58.2,47.3,36.6,27.1,46.5
"Springfield_MO, MO",TAX,°F,42.3,48.2,56.8,66.6,74.5,82.9,87.4,87.9,79.2,68.4,55.7,44.8,66.2
"Springfield_MO, MO",V,mi/hr,9.8,10.1,11,10.7,8.9,8.1,7.2,7.2,7.8,8.9,9.8,9.8,9.2
"Springfield_MO, MO",I,Btu/ft2/day,677,929,1242,1593,1783,1996,2030,1868,1494,1129,742,601,1340
"Springfield_MO, MO",PA,lb/in2,,,,,,,,,,,,,14.04
"St Louis - Lambert, MO",TAN,°F,24.6,28.7,37.2,47.9,58.2,67.2,71.3,70,60.9,49.6,38.5,28.5,48.5
"St Louis - Lambert, MO",TAX,°F,39.2,45.1,55.5,67,75.7,84.3,88.1,87.3,79.4,68.2,54.7,42.8,65.6
"St Louis - Lambert, MO",V,mi/hr,9.8,10.1,10.5,10.5,9.2,8.1,7.6,7.2,7.4,8.5,9.4,9.6,8.9
"St Louis - Lambert, MO",I,Btu/ft2/day,598,882,1217,1557,1765,2007,1978,1802,1471,1076,703,537,1299
"St Louis - Lambert, MO",PA,lb/in2,,,,,,,,,,,,,14.39
"St Louis - Spirit, MO",TAN,°F,22.6,26.7,34.6,44.9,55,63.9,67.9,66,56.3,45.4,35.4,26.2,45.4
"St Louis - Spirit, MO",TAX,°F,39.6,45.5,56.3,67.5,75.8,84.1,88,87.2,79.4,68.6,55.3,43.3,65.9
"St Louis - Spirit, MO",V,mi/hr,8.1,8.1,8.5,8.7,6.7,5.8,5.4,4.9,4.9,6.3,7.4,7.4,6.9
"St Louis - Spirit, MO",I,Btu/ft2/day,604,888,1226,1570,1763,2009,1992,1811,1467,1073,694,545,1303
"St Louis - Spirit, MO",PA,lb/in2,,,,,,,,,,,,,14.45
"Billings, MT",TAN,°F,18,21.8,27.3,35.2,44.2,52.5,59.6,58,48.8,37.7,27.3,19.6,37.5
"Billings, MT",TAX,°F,34.9,40.1,48,56.1,66.4,75.1,85.7,84.8,73,58.1,44.8,35.3,58.5
"Billings, MT",V,mi/hr,12.8,11.6,10.7,10.5,9.8,9.4,8.9,8.9,9.4,10.5,11.9,12.5,10.5
"Billings, MT",I,Btu/ft2/day,478,784,1148,1514,1883,2048,2221,1912,1424,903,544,398,1271
"Billings, MT",PA,lb/in2,,,,,,,,,,,,,12.92
"Glasgow, MT",TAN,°F,3.8,9.8,20.6,32.3,42.2,51.5,57.4,56.3,45.6,32.9,19.9,8.3,31.7
"Glasgow, MT",TAX,°F,21.7,28.4,41.4,56.4,66.5,74.7,83.9,83.7,72.1,55.9,39.4,26.3,54.2
"Glasgow, MT",V,mi/hr,9.4,9.4,11,12.1,12.1,11,10.1,10.7,10.3,10.3,9.6,9.4,10.5
"Glasgow, MT",I,Btu/ft2/day,366,628,1068,1545,1889,2051,2180,1872,1340,834,444,311,1211
"Glasgow, MT",PA,lb/in2,,,,,,,,,,,,,13.53
"Great Falls, MT",TAN,°F,15.9,18.8,23.7,31.6,39.9,47,53,51.7,44,34.2,25.2,17.7,33.5
"Great Falls, MT",TAX,°F,34.1,38.1,45.2,53.9,63.7,71.1,82.7,81.5,70.5,56.5,42.7,35,56.2
"Great Falls, MT",V,mi/hr,13.4,11.9,11.9,11.2,10.5,9.8,8.9,8.9,10.1,11.9,13.4,13.6,11.4
"Great Falls, MT",I,Btu/ft2/day,428,706,1106,1450,1806,2001,2163,1857,1360,840,465,358,1212
"Great Falls, MT",PA,lb/in2,,,,,,,,,,,,,12.88
"Harve City, MT",TAN,°F,6.4,12,20.7,31.4,40.8,48.9,54.1,52.5,42.6,31.1,20.4,9.9,30.9
"Harve City, MT",TAX,°F,26.6,33.1,43.8,56.9,66.4,74,84.3,83.5,72,57.3,41.6,30.6,55.8
"Harve City, MT",V,mi/hr,9.6,9.2,9.8,10.5,10.5,9.6,8.7,8.7,8.9,9.4,10.1,9.8,9.6
"Harve City, MT",I,Btu/ft2/day,371,632,1091,1522,1828,2035,2166,1862,1333,826,435,318,1202
"Harve City, MT",PA,lb/in2,,,,,,,,,,,,,13.39
"Helena, MT",TAN,°F,13.5,18.4,24.9,32.8,41.8,49,55.3,53,44.4,33.5,23.1,14.5,33.7
"Helena, MT",TAX,°F,31.2,37.6,46.8,55.6,65.6,73.3,84.6,83.3,72.2,57,41.8,31.6,56.7
"Helena, MT",V,mi/hr,5.6,6,7.4,8.3,8.1,7.8,7.2,6.5,6.3,6.5,6,5.6,6.7
"Helena, MT",I,Btu/ft2/day,456,767,1185,1513,1832,2048,2214,1898,1420,889,503,390,1260
"Helena, MT",PA,lb/in2,,,,,,,,,,,,,12.79
"Kalispell, MT",TAN,°F,17.2,20,25.5,31.9,39.4,45.2,49.1,47.2,39.6,30.5,24.8,18.3,32.4
"Kalispell, MT",TAX,°F,30.2,35.6,44.4,54.4,64,70,80.7,80.3,69.5,53.9,39.1,30,54.4
"Kalispell, MT",V,mi/hr,4,4.3,5.8,6.7,6.5,5.8,5.4,5.1,4.7,4.5,4,3.8,5.1
"Kalispell, MT",I,Btu/ft2/day,322,605,1031,1440,1761,1895,2166,1812,1300,742,377,259,1142
"Kalispell, MT",PA,lb/in2,,,,,,,,,,,,,13.2
"Missoula, MT",TAN,°F,19,22.1,27.8,33.2,40.5,47,52.7,50.9,43,33.4,25.3,19,34.5
"Missoula, MT",TAX,°F,31.5,37.6,48,55.9,65.6,72.4,84.7,83.5,72.2,56,39.9,30.8,56.5
"Missoula, MT",V,mi/hr,3.8,4.3,5.8,6.5,6.3,6.5,6.3,5.8,4.9,4.5,4,4,5.1
"Missoula, MT",I,Btu/ft2/day,387,676,1088,1451,1787,1966,2229,1883,1385,820,428,315,1201
"Missoula, MT",PA,lb/in2,,,,,,,,,,,,,13.1
"Grand Island, NE",TAN,°F,14.9,19.4,28,38.4,50.2,60,65.1,63.2,52.8,40.4,27.6,18.3,39.9
"Grand Island, NE",TAX,°F,34.7,39.7,50.4,61.8,72,81.9,86.5,84.7,77.6,64.3,49.1,37.4,61.7
"Grand Island, NE",V,mi/hr,11,11.4,12.5,13.4,12.1,10.7,9.2,8.9,10.5,11.2,11.2,11,11.2
"Grand Island, NE",I,Btu/ft2/day,637,908,1284,1619,1846,2102,2100,1855,1492,1080,711,554,1349
"Grand Island, NE",PA,lb/in2,,,,,,,,,,,,,13.75
"Lincoln, NE",TAN,°F,14.3,19.3,28.4,39.5,51.1,61.6,66.5,64.2,53.6,41.4,28.4,18.1,40.5
"Lincoln, NE",TAX,°F,34.1,39.8,51.5,63.2,73.5,82.9,87.8,86.1,78.3,65.4,49.7,37.8,62.5
"Lincoln, NE",V,mi/hr,8.9,9.6,11,11.9,10.5,9.6,8.7,8.3,9.2,9.6,9.4,8.9,9.6
"Lincoln, NE",I,Btu/ft2/day,591,872,1205,1555,1782,1994,2017,1784,1465,1030,663,521,1290
"Lincoln, NE",PA,lb/in2,,,,,,,,,,,,,14.08
"Norfolk_NE, NE",TAN,°F,13,18,26.9,38.1,49.2,59.4,64.1,62.2,52,39.7,26.7,16.8,38.8
"Norfolk_NE, NE",TAX,°F,31.9,37.1,48.3,60.8,71.7,80.9,85.5,83.5,76.3,63.2,47.2,34.8,60.1
"Norfolk_NE, NE",V,mi/hr,10.5,11,11.6,12.5,11.2,9.8,8.9,8.7,9.8,10.3,10.5,10.5,10.5
"Norfolk_NE, NE",I,Btu/ft2/day,566,836,1226,1556,1807,2036,2063,1794,1452,1012,647,507,1292
"Norfolk_NE, NE",PA,lb/in2,,,,,,,,,,,,,13.89
"North Platte, NE",TAN,°F,12.7,16.5,24.5,34.2,45.3,55.5,61.7,59.7,48.3,35,22.3,14.1,35.8
"North Platte, NE",TAX,°F,38.7,43,52.1,60.8,71.1,80.7,87.2,85.1,77.3,63.7,49.9,40,62.5
"North Platte, NE",V,mi/hr,8.3,8.9,10.3,11.4,10.3,9.4,8.5,8.1,8.9,8.9,8.7,8.3,9.2
"North Platte, NE",I,Btu/ft2/day,666,938,1324,1642,1899,2170,2191,1905,1546,1097,710,587,1390
"North Platte, NE",PA,lb/in2,,,,,,,,,,,,,13.29
"Omaha, NE",TAN,°F,14.2,19.5,28.8,40.7,52,62.1,67,64.8,54.6,42.7,29.8,18.9,41.3
"Omaha, NE",TAX,°F,31.7,37.7,49.9,62.7,73,82.3,86.2,84.4,77.2,64.5,48.4,35.9,61.2
"Omaha, NE",V,mi/hr,10.1,10.3,11.2,11.9,10.5,9.4,8.3,8.1,8.9,9.6,10.1,9.8,9.8
"Omaha, NE",I,Btu/ft2/day,582,852,1204,1512,1776,1992,2001,1749,1447,1007,646,506,1273
"Omaha, NE",PA,lb/in2,,,,,,,,,,,,,14.18
"Scottsbluff, NE",TAN,°F,14.8,17.7,24.6,32.6,43.5,52.9,59.1,57.1,46.2,33.7,22.5,14.9,35
"Scottsbluff, NE",TAX,°F,39.8,44,52.2,60,70.8,80.8,88.7,86.5,77.2,63,49.2,40.1,62.7
"Scottsbluff, NE",V,mi/hr,9.6,10.3,11,11.4,11,9.8,8.5,8.3,8.3,9.2,9.4,9.4,9.6
"Scottsbluff, NE",I,Btu/ft2/day,672,923,1295,1647,1955,2180,2261,1963,1571,1089,715,559,1403
"Scottsbluff, NE",PA,lb/in2,,,,,,,,,,,,,12.75
"Valentine, NE",TAN,°F,11.5,15.7,23.8,33.8,44.6,54.7,60.8,59.2,48.3,34.8,22.2,13.5,35.2
"Valentine, NE",TAX,°F,35.5,39.5,48.6,58.8,69.9,79.4,87.3,86.1,76.7,62,47.4,37.2,60.7
"Valentine, NE",V,mi/hr,9.4,9.8,10.5,11.4,11.4,10.3,9.2,9.6,10.3,10.1,9.8,9.6,10.1
"Valentine, NE",I,Btu/ft2/day,601,853,1215,1539,1862,2066,2187,1883,1496,1011,643,514,1322
"Valentine, NE",PA,lb/in2,,,,,,,,,,,,,13.39
"Ely, NV",TAN,°F,13.1,16.9,22.9,27.7,34.4,42,49.2,48.1,38.7,28.9,19.8,12.6,29.5
"Ely, NV",TAX,°F,38.9,41.6,49.8,56,67,77.7,86.9,84.6,75.6,62.1,48.1,38.8,60.6
"Ely, NV",V,mi/hr,9.2,8.9,9.6,9.8,9.4,9.6,9.4,9.6,9.2,9.2,8.7,8.9,9.4
"Ely, NV",I,Btu/ft2/day,724,1006,1454,1843,2146,2418,2371,2173,1800,1303,875,669,1565
"Ely, NV",PA,lb/in2,,,,,,,,,,,,,11.72
"Las Vegas, NV",TAN,°F,39.4,43.2,49.2,55.6,65.8,74.3,81.2,79.8,71.4,58.7,46.3,38.7,58.6
"Las Vegas, NV",TAX,°F,57.6,61.9,69.8,77.1,88.2,97.7,103.7,101.8,94,80.2,66,56.3,79.5
"Las Vegas, NV",V,mi/hr,6.5,7.2,8.7,10.3,10.1,10.1,8.9,8.5,7.8,7.2,6.5,6.5,8.3
"Las Vegas, NV",I,Btu/ft2/day,965,1244,1732,2164,2466,2628,2439,2202,1938,1479,1093,885,1769
"Las Vegas, NV",PA,lb/in2,,,,,,,,,,,,,13.6
"Lovelock, NV",TAN,°F,20.8,25.3,29.2,35.2,44.8,51.9,58.3,54.6,45.3,35.2,24.4,19.3,37
"Lovelock, NV",TAX,°F,43.4,50.5,59.3,64.7,75.4,84.8,95.4,92.8,83.9,69.3,53.9,43.4,68.1
"Lovelock, NV",V,mi/hr,4.9,6,7.4,8.3,8.5,8.3,7.6,6.9,6,5.8,5.1,4.7,6.7
"Lovelock, NV",I,Btu/ft2/day,687,992,1414,1822,2189,2471,2533,2252,1833,1274,802,587,1571
"Lovelock, NV",PA,lb/in2,,,,,,,,,,,,,12.76
"Mercury, NV",TAN,°F,35.1,38.2,42.8,48.2,57.9,66.2,73.7,72.4,64,52,41.1,34.2,52.2
"Mercury, NV",TAX,°F,55.2,58.3,65.8,72,82.9,92.2,99,97.3,89.6,76.4,63.3,54.1,75.5
"Mercury, NV",V,mi/hr,8.3,8.5,9.2,10.3,9.8,10.1,9.2,9.2,8.3,8.1,8.1,8.1,8.9
"Mercury, NV",I,Btu/ft2/day,937,1212,1714,2151,2464,2664,2527,2313,1977,1482,1077,860,1781
"Mercury, NV",PA,lb/in2,,,,,,,,,,,,,13.16
"Reno, NV",TAN,°F,25.1,28.6,32.8,37,45.5,52.3,59.2,56.7,48.7,39,30,25.1,40
"Reno, NV",TAX,°F,45.5,50.3,57.7,62.3,72.6,81.9,91.7,89.7,81.8,68.5,54.8,45.2,66.8
"Reno, NV",V,mi/hr,4.7,5.6,6.9,8.3,7.8,7.6,7.2,6.5,5.4,4.7,4.9,5.1,6.3
"Reno, NV",I,Btu/ft2/day,715,992,1471,1889,2232,2473,2512,2249,1854,1310,859,633,1599
"Reno, NV",PA,lb/in2,,,,,,,,,,,,,12.53
"Tonopah, NV",TAN,°F,21.9,25.6,29.9,34.9,44.2,52.3,58.8,56.8,49.1,38.4,27.5,20.2,38.3
"Tonopah, NV",TAX,°F,44.5,48.3,56.5,62.7,73.5,83.5,91.4,89.2,80.6,67.6,53.7,43.8,66.3
"Tonopah, NV",V,mi/hr,8.9,9.6,10.7,11.6,10.7,10.3,9.2,9.2,8.9,9.4,9.2,8.7,9.6
"Tonopah, NV",I,Btu/ft2/day,828,1128,1629,2056,2344,2586,2507,2304,1922,1430,997,779,1709
"Tonopah, NV",PA,lb/in2,,,,,,,,,,,,,12.08
"Winnemucca, NV",TAN,°F,20.5,24.4,27.5,31.4,39.4,46.3,53.5,49.9,40.7,30.5,23.1,18.8,33.8
"Winnemucca, NV",TAX,°F,41.4,47,55.3,60.4,71.3,81.5,92.8,90.4,81.1,66.1,51.3,41.1,65
"Winnemucca, NV",V,mi/hr,7.2,7.6,8.1,8.3,8.3,8.3,7.6,7.4,6.9,6.7,6.7,7.2,7.6
"Winnemucca, NV",I,Btu/ft2/day,652,964,1380,1762,2147,2437,2523,2232,1795,1248,760,555,1538
"Winnemucca, NV",PA,lb/in2,,,,,,,,,,,,,12.57
"Concord, NH",TAN,°F,12.3,14.6,23.2,33.2,43.2,53.8,58.5,57.1,48.4,36.8,29,18.8,35.7
"Concord, NH",TAX,°F,30.5,34,43,57,68.1,77,81.4,80.6,72.3,59.8,47.8,36.3,57.3
"Concord, NH",V,mi/hr,6.7,7.4,7.4,7.2,6.3,5.6,5.1,4.7,4.9,5.6,5.6,6.5,6
"Concord, NH",I,Btu/ft2/day,535,803,1097,1469,1684,1801,1844,1644,1267,869,556,446,1168
"Concord, NH",PA,lb/in2,,,,,,,,,,,,,14.5
"Atlantic City, NJ",TAN,°F,25.5,25.9,32.7,41.9,50.5,61,66.5,65,57.5,45.6,37.1,28.7,44.8
"Atlantic City, NJ",TAX,°F,42.4,44,51.4,62,71,79.9,84.8,83.4,76.9,66.2,55.9,46.1,63.7
"Atlantic City, NJ",V,mi/hr,9.8,10.1,10.5,10.3,8.7,7.8,7.4,6.7,7.4,7.6,8.5,9.4,8.7
"Atlantic City, NJ",I,Btu/ft2/day,646,924,1224,1581,1800,1935,1927,1733,1394,1048,720,578,1292
"Atlantic City, NJ",PA,lb/in2,,,,,,,,,,,,,14.66
"Newark, NJ",TAN,°F,26.3,27.7,34.8,44.8,54.1,64.3,69.5,68.6,60.9,49,40.3,31,47.6
"Newark, NJ",TAX,°F,39.6,42.1,50.5,62,72,81.3,85.7,84.2,76.7,65.2,54.6,43.8,63.1
"Newark, NJ",V,mi/hr,11,11.2,11.2,10.5,9.6,9.2,8.9,8.5,8.9,9.4,9.8,10.7,9.8
"Newark, NJ",I,Btu/ft2/day,602,887,1195,1502,1748,1854,1838,1629,1324,975,638,521,1226
"Newark, NJ",PA,lb/in2,,,,,,,,,,,,,14.69
"Albuquerque, NM",TAN,°F,27.6,31.4,36.4,43.7,53.8,62.3,67.1,65.4,58.6,46.7,35,27.5,46.3
"Albuquerque, NM",TAX,°F,48.1,53.7,61.2,69.4,79.8,88.8,90.5,87.8,81.4,69.9,56.6,47.1,69.5
"Albuquerque, NM",V,mi/hr,7.2,7.8,8.7,9.8,9.4,8.9,7.8,7.4,7.4,7.4,7.2,6.7,8.1
"Albuquerque, NM",I,Btu/ft2/day,1003,1270,1699,2126,2356,2479,2312,2082,1846,1469,1114,904,1722
"Albuquerque, NM",PA,lb/in2,,,,,,,,,,,,,12.13
"Gallup, NM",TAN,°F,14.9,19.5,22.7,28.4,37.5,45.1,54.3,53.3,43.8,30.9,19.9,13.8,32
"Gallup, NM",TAX,°F,44.1,48.7,56.4,64,74.3,83.9,87.5,84.3,78.5,67,54.2,44,65.6
"Gallup, NM",V,mi/hr,5.4,6.5,7.8,9.4,8.7,8.1,6.7,5.8,5.8,6,5.6,5.1,6.7
"Gallup, NM",I,Btu/ft2/day,930,1194,1654,2095,2350,2507,2187,1943,1806,1466,1072,825,1669
"Gallup, NM",PA,lb/in2,,,,,,,,,,,,,11.63
"Roswell, NM",TAN,°F,27.8,32.5,38.5,46.1,56.4,64.5,68.5,67,59.5,47.9,35.2,27.7,47.6
"Roswell, NM",TAX,°F,55.6,61.3,68.4,77,86.1,93.7,93.9,91.9,86,76,64,55.3,75.8
"Roswell, NM",V,mi/hr,7.6,8.7,9.6,10.5,10.1,10.1,8.5,7.6,7.8,7.8,7.6,7.4,8.7
"Roswell, NM",I,Btu/ft2/day,1013,1323,1744,2125,2301,2434,2302,2085,1822,1452,1127,939,1722
"Roswell, NM",PA,lb/in2,,,,,,,,,,,,,12.88
"Albany, NY",TAN,°F,16.1,18.1,26.4,37.7,47.7,57.9,62,60.9,52.7,40.8,32.5,22.4,39.6
"Albany, NY",TAX,°F,31,34.1,43.8,57.8,68.7,77.6,81.3,80,72,59.3,47.7,35.9,57.4
"Albany, NY",V,mi/hr,8.5,8.9,9.4,9.2,7.8,6.9,6.7,5.8,6.3,7.2,7.8,8.5,7.8
"Albany, NY",I,Btu/ft2/day,532,789,1096,1496,1739,1853,1872,1640,1300,882,534,422,1180
"Albany, NY",PA,lb/in2,,,,,,,,,,,,,14.55
"Binghamton, NY",TAN,°F,16.6,17.6,25.1,36.3,46.5,56.1,59.9,59.1,51.3,40.9,32,22,38.6
"Binghamton, NY",TAX,°F,29.2,31.7,40.5,54.1,65.2,73.6,77.1,76.2,68.4,56.4,44.8,33.5,54.2
"Binghamton, NY",V,mi/hr,9.8,9.8,9.8,9.6,8.5,7.8,7.4,6.9,7.8,8.5,8.9,9.6,8.7
"Binghamton, NY",I,Btu/ft2/day,500,745,1056,1449,1722,1839,1818,1614,1224,833,498,406,1142
"Binghamton, NY",PA,lb/in2,,,,,,,,,,,,,13.87
"Buffalo, NY",TAN,°F,19.3,19.7,26.5,37.2,47.9,58.4,62.6,61.7,54.2,43.7,34.7,24.9,40.9
"Buffalo, NY",TAX,°F,31.5,32.9,41.3,54.7,66.1,75.3,78.9,78.1,71.1,58.7,47.4,36.1,56
"Buffalo, NY",V,mi/hr,12.1,11.6,10.7,10.5,9.8,8.9,8.9,8.1,8.7,9.6,10.5,11.4,10.1
"Buffalo, NY",I,Btu/ft2/day,447,730,1070,1453,1793,1939,1865,1643,1273,808,478,382,1157
"Buffalo, NY",PA,lb/in2,,,,,,,,,,,,,14.33
"Long Island, NY",TAN,°F,24.7,25.3,31.8,41.1,50.1,60.7,66.5,65.6,58.1,46.1,38,29.4,44.8
"Long Island, NY",TAX,°F,38.9,40.4,47.3,58,67.6,76.6,81.8,80.5,73.8,63.2,53.3,43.9,60.5
"Long Island, NY",V,mi/hr,10.1,10.3,10.5,10.1,8.9,8.3,7.8,7.4,8.1,8.5,9.2,9.8,8.9
"Long Island, NY",I,Btu/ft2/day,591,878,1196,1527,1785,1896,1890,1694,1347,988,643,518,1246
"Long Island, NY",PA,lb/in2,,,,,,,,,,,,,14.65
"Massena, NY",TAN,°F,6.6,8,19.5,33.8,44.8,54.8,59.3,57.2,48.9,38.2,28.6,16,34.6
"Massena, NY",TAX,°F,24.3,27.4,37.9,53.7,66.9,75.7,79.4,78.1,70.1,56.5,44.2,31.3,53.8
"Massena, NY",V,mi/hr,8.7,8.5,8.7,8.9,7.8,6.7,6.5,5.8,6.3,7.6,8.3,8.5,7.6
"Massena, NY",I,Btu/ft2/day,445,741,1072,1452,1753,1876,1865,1646,1236,764,449,348,1137
"Massena, NY",PA,lb/in2,,,,,,,,,,,,,14.58
"New York-LaGuardia, NY",TAN,°F,28.3,29.4,35.9,45.7,55.1,65.4,71,70.5,63.7,52.4,43.3,33.6,49.5
"New York-LaGuardia, NY",TAX,°F,39.6,41.6,49,60.5,70.3,79.8,84.7,83.2,75.9,64.7,54.1,44.1,62.3
"New York-LaGuardia, NY",V,mi/hr,12.8,12.8,12.8,11.6,10.7,10.1,9.6,9.4,10.3,10.7,11.6,12.5,11.2
"New York-LaGuardia, NY",I,Btu/ft2/day,583,863,1154,1499,1760,1878,1859,1636,1314,962,627,511,1220
"New York-LaGuardia, NY",PA,lb/in2,,,,,,,,,,,,,14.69
"New York-Kennedy, NY",TAN,°F,27.1,28.1,34.6,43.9,53,63.1,68.9,68.3,61.5,50.1,41.2,32,47.6
"New York-Kennedy, NY",TAX,°F,39.2,41,48.2,58.5,67.8,77.2,82.4,81.4,75,63.8,53.5,43.6,61
"New York-Kennedy, NY",V,mi/hr,12.5,12.8,12.8,11.9,10.5,10.1,9.8,9.4,9.8,10.7,11.4,12.8,11.2
"New York-Kennedy, NY",I,Btu/ft2/day,588,861,1175,1516,1760,1898,1867,1661,1328,969,630,513,1231
"New York-Kennedy, NY",PA,lb/in2,,,,,,,,,,,,,14.68
"Rochester, NY",TAN,°F,18.7,19.3,26.4,37.2,47,57.1,61.2,60.3,52.7,42.4,33.7,24.4,40
"Rochester, NY",TAX,°F,31.9,33.8,42.1,55.6,67.1,76.4,80,78.8,71.5,59.3,47.7,36.6,56.7
"Rochester, NY",V,mi/hr,10.7,10.5,10.3,10.1,8.9,8.1,7.8,7.2,7.6,8.7,9.4,10.3,9.2
"Rochester, NY",I,Btu/ft2/day,463,719,1059,1432,1759,1886,1849,1621,1242,788,480,385,1140
"Rochester, NY",PA,lb/in2,,,,,,,,,,,,,14.37
"Syracuse, NY",TAN,°F,17,18,25.7,36.9,47,57.2,61.7,60.6,52.7,42.2,33.5,23.4,39.7
"Syracuse, NY",TAX,°F,31.3,33.2,42.1,56.5,68,77.1,80.6,79.7,72,59.4,47.9,36.4,57
"Syracuse, NY",V,mi/hr,9.8,9.6,9.4,9.2,8.1,7.2,7.2,6.5,7.2,7.8,8.7,9.6,8.3
"Syracuse, NY",I,Btu/ft2/day,457,685,1033,1468,1797,1896,1884,1651,1246,801,472,380,1147
"Syracuse, NY",PA,lb/in2,,,,,,,,,,,,,14.47
"Asheville, NC",TAN,°F,28.4,30.3,36.1,44,52.3,60.3,64,63.5,56.7,45.2,36,29.7,45.6
"Asheville, NC",TAX,°F,47.5,50.3,57.7,67.3,74,80,83,82.1,76.2,67.4,57.9,48.8,66
"Asheville, NC",V,mi/hr,8.5,8.3,8.3,7.6,6,4.9,4.7,4.3,4.7,5.6,6.9,7.6,6.5
"Asheville, NC",I,Btu/ft2/day,802,1054,1361,1697,1862,1887,1872,1723,1455,1186,870,717,1374
"Asheville, NC",PA,lb/in2,,,,,,,,,,,,,13.6
"Charlotte, NC",TAN,°F,33.1,35.2,41.9,49.7,58.4,66.7,70.1,69.3,62.7,50.9,41.2,34.3,51.1
"Charlotte, NC",TAX,°F,51.5,55,62.9,71.9,78.7,85.5,88.6,87.4,81.3,71.8,62.1,52.9,70.8
"Charlotte, NC",V,mi/hr,6.5,6.9,7.6,7.4,6.7,5.8,5.6,5.4,6,5.4,5.8,6,6.3
"Charlotte, NC",I,Btu/ft2/day,785,1029,1385,1741,1918,1996,1931,1731,1475,1177,866,707,1395
"Charlotte, NC",PA,lb/in2,,,,,,,,,,,,,14.32
"Raleigh-Durham, NC",TAN,°F,32.1,33.8,40.3,48.6,56.9,66,69.9,68.7,61.9,49.7,40.4,33.5,50.2
"Raleigh-Durham, NC",TAX,°F,51,54.2,62.4,71.6,78.5,85.9,89.1,87.7,81.2,71.7,62.3,52.8,70.7
"Raleigh-Durham, NC",V,mi/hr,6.9,6.9,7.8,7.8,6.9,6,6,5.4,5.8,5.1,5.6,6,6.5
"Raleigh-Durham, NC",I,Btu/ft2/day,771,1029,1359,1725,1911,1969,1931,1744,1435,1155,853,699,1382
"Raleigh-Durham, NC",PA,lb/in2,,,,,,,,,,,,,14.47
"Greensboro, NC",TAN,°F,30.9,32.7,39.7,48.1,56.7,65.6,69.3,68.2,61.1,49.3,39.8,32.5,49.5
"Greensboro, NC",TAX,°F,48.4,51.7,60,69.7,76.5,83.7,86.8,85.6,79,69.6,59.8,50.1,68.4
"Greensboro, NC",V,mi/hr,8.1,8.1,8.7,8.7,7.6,6.7,6.3,5.8,6.3,6.3,6.7,6.9,7.2
"Greensboro, NC",I,Btu/ft2/day,758,1023,1354,1701,1875,1956,1912,1717,1418,1146,851,692,1367
"Greensboro, NC",PA,lb/in2,,,,,,,,,,,,,14.23
"Wilmington, NC",TAN,°F,36.9,38,44.2,52.5,60.7,69.2,73,71.5,66.2,55.1,45.3,38.1,54.2
"Wilmington, NC",TAX,°F,56.3,58.8,65.5,73.7,79.7,85.7,88.7,87.2,82.6,74.8,66.7,58.4,73.2
"Wilmington, NC",V,mi/hr,8.1,8.3,8.9,9.2,8.3,7.4,6.9,6.5,7.2,6.5,6.9,7.4,7.6
"Wilmington, NC",I,Btu/ft2/day,811,1068,1426,1808,1938,1942,1917,1722,1405,1178,910,747,1406
"Wilmington, NC",PA,lb/in2,,,,,,,,,,,,,14.68
"Bismarck, ND",TAN,°F,2.1,8.4,19.3,31.3,43,52.9,57.8,56.1,46.1,33.1,20,8.4,31.5
"Bismarck, ND",TAX,°F,21.6,27.6,39.9,55.9,67.3,76.2,83.4,83,72.3,56.7,39.5,26.8,54.2
"Bismarck, ND",V,mi/hr,8.9,9.2,10.1,10.7,10.7,9.6,8.7,8.9,9.2,9.4,8.9,9.2,9.4
"Bismarck, ND",I,Btu/ft2/day,411,666,1092,1523,1811,1994,2092,1798,1335,859,488,348,1201
"Bismarck, ND",PA,lb/in2,,,,,,,,,,,,,13.85
"Fargo, ND",TAN,°F,0.3,5.7,19.3,33.5,45.3,56,59.6,57.8,48.6,36.1,21.6,7.9,32.6
"Fargo, ND",TAX,°F,16.7,22.7,35.2,54.3,67.6,76.3,80.5,80,70.8,55.2,37.1,22.7,51.6
"Fargo, ND",V,mi/hr,11,11.4,12.1,12.3,12.3,10.3,9.2,9.6,10.5,11.4,11.4,11.2,11
"Fargo, ND",I,Btu/ft2/day,383,606,1023,1562,1804,1914,1984,1716,1261,785,445,313,1149
"Fargo, ND",PA,lb/in2,,,,,,,,,,,,,14.23
"Minot, ND",TAN,°F,3.5,8.8,19.3,32.1,43.3,53.4,58.2,56.2,47,34.4,20.9,8.9,32.2
"Minot, ND",TAX,°F,19.4,24.9,36.4,53.9,65.4,73.7,80.2,80.5,70.1,54.4,36.7,23.9,51.6
"Minot, ND",V,mi/hr,12.1,11.6,11.6,11.4,11.9,10.5,9.6,9.8,10.5,11.6,11.9,12.1,11.2
"Minot, ND",I,Btu/ft2/day,380,628,1069,1537,1781,1928,2042,1735,1249,793,433,299,1156
"Minot, ND",PA,lb/in2,,,,,,,,,,,,,13.81
"Williston, ND",TAN,°F,0.5,7.4,18.4,30.9,40.9,50.6,56.6,54.9,43.8,31.3,18.1,6,29.9
"Williston, ND",TAX,°F,20.3,26.9,39.3,55.5,66,74.9,82.9,82.8,71.5,55.2,37.7,25,53.2
"Williston, ND",V,mi/hr,8.3,8.5,9.2,10.1,10.3,9.4,8.3,8.7,8.7,8.9,8.5,8.5,8.9
"Williston, ND",I,Btu/ft2/day,369,634,1067,1545,1838,2010,2154,1817,1312,813,445,311,1193
"Williston, ND",PA,lb/in2,,,,,,,,,,,,,13.72
"Akron, OH",TAN,°F,20.1,21.7,29,39.7,49.2,58.9,62.5,61.5,53.9,43,34.1,24.7,41.5
"Akron, OH",TAX,°F,33.4,36.1,46,59.6,69,77.8,81.3,80.1,72.8,60.8,48.5,36.9,58.5
"Akron, OH",V,mi/hr,10.7,10.5,10.3,10.1,8.7,7.6,7.4,6.7,7.4,8.5,9.6,10.3,8.9
"Akron, OH",I,Btu/ft2/day,490,720,1075,1421,1683,1840,1859,1645,1327,892,538,432,1160
"Akron, OH",PA,lb/in2,,,,,,,,,,,,,14.07
"Cleveland, OH",TAN,°F,21.6,23.2,29.8,40.4,50,60.1,64.1,63.2,55.8,45.3,36.3,26.4,43
"Cleveland, OH",TAX,°F,34.2,36.7,45.2,58.3,68.5,77.9,81.3,80,73.3,61.7,49.7,37.9,58.7
"Cleveland, OH",V,mi/hr,11.2,10.5,10.5,10.3,9.2,8.3,8.1,7.6,8.3,9.4,10.5,11,9.6
"Cleveland, OH",I,Btu/ft2/day,462,689,1067,1430,1756,1944,1923,1672,1335,851,511,380,1168
"Cleveland, OH",PA,lb/in2,,,,,,,,,,,,,14.29
"Columbus_OH, OH",TAN,°F,23,25,32.7,43.1,52.4,62.3,65.7,64.6,56.8,45.2,36.2,27.2,44.5
"Columbus_OH, OH",TAX,°F,36.5,39.9,50.3,63.4,72.5,81.1,84.1,83.3,76.7,64.7,51.9,40.1,62
"Columbus_OH, OH",V,mi/hr,9.2,8.9,8.9,8.9,7.6,6.7,6.3,5.8,6,6.9,8.1,8.7,7.6
"Columbus_OH, OH",I,Btu/ft2/day,527,743,1080,1472,1716,1889,1866,1692,1388,971,601,456,1200
"Columbus_OH, OH",PA,lb/in2,,,,,,,,,,,,,14.27
"Dayton, OH",TAN,°F,21.1,23.6,31.6,42.3,52.2,61.9,64.9,63.6,55.4,44.7,34.9,25.4,43.5
"Dayton, OH",TAX,°F,34.9,38.7,49.1,62.1,71.3,80,83.2,82.4,75.9,63.9,50.7,38.4,60.9
"Dayton, OH",V,mi/hr,11.4,11,11,11,9.4,8.3,7.8,7.2,7.8,9.2,10.3,10.7,9.6
"Dayton, OH",I,Btu/ft2/day,517,759,1122,1479,1747,1925,1936,1738,1409,993,607,456,1224
"Dayton, OH",PA,lb/in2,,,,,,,,,,,,,14.17
"Mansfield, OH",TAN,°F,19.4,21.3,28.8,39.3,48.9,58.6,61.9,61,53.2,42.9,33.6,24.4,41.1
"Mansfield, OH",TAX,°F,32.8,35.6,45.4,59.1,68.9,77.7,80.8,79.5,72.9,61.3,48.1,37.1,58.3
"Mansfield, OH",V,mi/hr,11.2,10.7,10.5,10.7,9.2,7.8,7.4,6.7,7.4,8.9,10.3,10.7,9.4
"Mansfield, OH",I,Btu/ft2/day,492,700,1071,1438,1709,1882,1904,1643,1329,918,553,423,1172
"Mansfield, OH",PA,lb/in2,,,,,,,,,,,,,14.03
"Toledo, OH",TAN,°F,19.4,21.5,28.9,39.7,49.4,59.5,62.8,61.8,53.5,42.9,33.7,24.1,41.5
"Toledo, OH",TAX,°F,32.4,35.7,46.2,59.8,70.3,80.1,83.5,81.6,75.1,62.5,48.9,36.3,59.4
"Toledo, OH",V,mi/hr,10.5,9.8,9.8,10.3,8.7,7.2,6.9,6.3,6.7,8.3,9.4,9.6,8.7
"Toledo, OH",I,Btu/ft2/day,485,754,1125,1446,1747,1939,1938,1656,1360,912,537,408,1192
"Toledo, OH",PA,lb/in2,,,,,,,,,,,,,14.34
"Youngstown, OH",TAN,°F,20.1,21.3,28.2,38.8,47.3,56.6,60.2,59.2,52.1,42,34.3,24.7,40.4
"Youngstown, OH",TAX,°F,33.3,36,45.5,59.3,68.9,77.5,80.9,79.8,72.4,60.6,48.7,36.9,58.3
"Youngstown, OH",V,mi/hr,10.1,9.6,9.6,9.6,8.3,7.2,6.9,6.5,7.2,8.1,9.2,9.6,8.5
"Youngstown, OH",I,Btu/ft2/day,476,714,1070,1410,1680,1842,1839,1631,1295,859,520,423,1147
"Youngstown, OH",PA,lb/in2,,,,,,,,,,,,,14.08
"Youngstown, OH",TAN,°F,28.7,32.8,40.5,49.1,59.3,67.4,71.5,70.6,62.5,51,39.5,30.9,50.3
"Oklahoma City, OK",TAX,°F,48.7,54.1,62.1,70.8,78.9,86.9,92.8,92.1,83.2,72.6,60.3,50.4,71.1
"Oklahoma City, OK",V,mi/hr,11.4,11.9,13.4,13.4,11.4,10.7,9.8,9.2,9.6,11,11.6,11.4,11.2
"Oklahoma City, OK",I,Btu/ft2/day,831,1090,1389,1757,1898,2111,2215,1982,1600,1235,889,751,1479
"Oklahoma City, OK",PA,lb/in2,,,,,,,,,,,,,14.01
"Tulsa, OK",TAN,°F,28.9,32.9,40.9,50.1,60.2,68.6,73.4,72.2,62.6,51.3,40.4,31.3,51.1
"Tulsa, OK",TAX,°F,47.4,53.4,61.7,71,78.7,86.5,92.3,92.4,83.2,72.6,60.2,49.6,70.8
"Tulsa, OK",V,mi/hr,9.2,9.4,10.7,11.2,9.6,9.2,8.7,7.6,7.8,8.7,9.4,9.2,9.2
"Tulsa, OK",I,Btu/ft2/day,748,1023,1320,1671,1822,2027,2152,1938,1523,1166,816,682,1407
"Tulsa, OK",PA,lb/in2,,,,,,,,,,,,,14.36
"Astoria, OR",TAN,°F,38.7,38.1,39.5,41.9,46.5,50.7,54.1,54.1,50.4,45.3,41,38.6,44.9
"Astoria, OR",TAX,°F,49.1,51.3,52.7,55.3,59.8,63.2,66.8,67.7,66.8,60,53.2,48.6,57.9
"Astoria, OR",V,mi/hr,8.5,7.8,7.8,7.8,7.6,7.8,8.1,7.2,6.7,6.7,7.8,8.7,7.6
"Astoria, OR",I,Btu/ft2/day,343,600,877,1252,1537,1627,1708,1492,1196,728,391,302,1005
"Astoria, OR",PA,lb/in2,,,,,,,,,,,,,14.69
"Burns, OR",TAN,°F,17.3,19.4,25.6,29.5,37.3,42.5,48.4,45.6,37.3,28.3,22.3,16,30.8
"Burns, OR",TAX,°F,35.1,39.3,49,55.6,65.8,74,86,84.4,76,61.2,45,34.7,58.8
"Burns, OR",V,mi/hr,5.1,5.6,6.9,7.8,7.6,7.2,6.7,6.5,6,5.8,5.4,5.1,6.3
"Burns, OR",I,Btu/ft2/day,475,707,1195,1606,2000,2285,2459,2155,1691,1098,573,384,1386
"Burns, OR",PA,lb/in2,,,,,,,,,,,,,12.63
"Eugene, OR",TAN,°F,35.6,36,38,40.5,44.7,48.3,52.7,52.2,48.4,42.4,38.6,35.5,42.7
"Eugene, OR",TAX,°F,47.1,50.9,55.4,59.6,66.2,72.1,82.5,82,76.7,63.4,51.8,45.9,62.8
"Eugene, OR",V,mi/hr,6.9,6.9,7.2,6.9,6.5,6.9,7.4,7.2,6.7,6.5,6.7,7.2,6.9
"Eugene, OR",I,Btu/ft2/day,396,673,998,1386,1739,1961,2238,1960,1491,839,449,322,1204
"Eugene, OR",PA,lb/in2,,,,,,,,,,,,,14.5
"Medford, OR",TAN,°F,33,34.5,37.2,40.6,47,52.1,58.7,57.5,50.8,42.2,36.4,33.1,43.6
"Medford, OR",TAX,°F,47.6,54.3,58.8,63.4,72.6,80,90.7,89.6,83.9,69.2,52.9,45.8,67.4
"Medford, OR",V,mi/hr,3.4,4,4.5,4.7,5.1,5.4,5.1,4.7,3.6,3.1,2.9,3.4,4
"Medford, OR",I,Btu/ft2/day,502,774,1143,1490,1917,2257,2415,2117,1649,1051,541,430,1357
"Medford, OR",PA,lb/in2,,,,,,,,,,,,,13.69
"Pendleton, OR",TAN,°F,29.5,31.4,35.4,39.6,46.4,52,58.4,57.5,50.6,40.8,34,29.1,42.1
"Pendleton, OR",TAX,°F,41.1,46.2,54.3,60.8,69.4,77.1,87.9,86.2,77.4,62.6,48.3,40.1,62.6
"Pendleton, OR",V,mi/hr,7.2,7.2,8.9,9.4,9.2,9.2,8.7,8.5,8.1,7.6,7.4,7.2,8.3
"Pendleton, OR",I,Btu/ft2/day,376,678,1117,1628,1970,2228,2372,2058,1541,960,460,309,1308
"Pendleton, OR",PA,lb/in2,,,,,,,,,,,,,13.92
"Salem, OR",TAN,°F,36,35.9,38.3,40.9,46.1,50.3,54.9,54.3,50.2,43.7,39.4,35.7,43.8
"Salem, OR",TAX,°F,47.4,51.6,55.6,59.9,67.1,72.6,81.8,81.3,76.3,63.4,52.2,46.6,63
"Salem, OR",V,mi/hr,7.2,6.7,7.2,6.7,6.3,6.5,6.3,5.8,5.4,5.6,6.9,7.4,6.5
"Salem, OR",I,Btu/ft2/day,370,638,951,1355,1703,1859,2099,1846,1392,807,416,307,1145
"Salem, OR",PA,lb/in2,,,,,,,,,,,,,14.59
"Allentown, PA",TAN,°F,22,23.1,30.5,40.3,49.7,59.7,63.9,62.5,54.6,42.8,34.5,25.9,42.5
"Allentown, PA",TAX,°F,36.7,39.5,49,61.4,71.1,79.8,83.8,82.5,75,63.3,52.1,40.8,61.3
"Allentown, PA",V,mi/hr,8.3,8.7,8.9,8.7,7.4,6.7,6.3,5.6,6.3,6.5,6.9,7.8,7.4
"Allentown, PA",I,Btu/ft2/day,568,845,1165,1495,1739,1841,1869,1636,1309,950,614,495,1210
"Allentown, PA",PA,lb/in2,,,,,,,,,,,,,14.49
"Bradford, PA",TAN,°F,15.5,15.9,22.9,33.2,41.6,50.7,54.1,53.5,46.4,36.9,30,20,35.1
"Bradford, PA",TAX,°F,29.2,31.7,40.9,54.6,64.9,73,75.8,74.9,67.6,56.1,44.3,32.9,53.8
"Bradford, PA",V,mi/hr,8.9,8.7,8.5,8.3,6.9,5.8,5.4,5.1,5.8,6.7,7.6,8.3,7.2
"Bradford, PA",I,Btu/ft2/day,483,742,1056,1439,1651,1781,1759,1563,1218,820,508,412,1119
"Bradford, PA",PA,lb/in2,,,,,,,,,,,,,13.62
"Erie, PA",TAN,°F,22,22,28.3,39,49.1,59.7,64.2,63.4,56.5,46.1,37.3,27.5,42.9
"Erie, PA",TAX,°F,33.7,35,42.6,55.4,65.8,75.4,78.9,78,71.3,60.2,49,38,56.9
"Erie, PA",V,mi/hr,11.9,10.7,10.5,10.1,9.2,8.3,8.1,7.8,8.9,9.8,11.2,11.6,9.8
"Erie, PA",I,Btu/ft2/day,367,647,994,1425,1756,1946,1921,1661,1281,825,474,327,1135
"Erie, PA",PA,lb/in2,,,,,,,,,,,,,14.32
"Middletown, PA",TAN,°F,24.1,25.3,33.2,43.2,53.1,63.2,67.5,66.1,58,45.5,37.1,28.4,45.4
"Middletown, PA",TAX,°F,37.9,40.9,50.4,62.9,72.5,81.4,85.4,83.8,76,64.4,53.3,42.2,62.6
"Middletown, PA",V,mi/hr,8.9,9.2,9.8,9.2,7.6,6.7,6.3,5.8,6.3,6.5,7.8,8.5,7.6
"Middletown, PA",I,Btu/ft2/day,580,840,1164,1497,1754,1889,1852,1639,1304,967,630,512,1219
"Middletown, PA",PA,lb/in2,,,,,,,,,,,,,14.53
"Philadelphia, PA",TAN,°F,27.4,28.3,35.5,45.4,54.8,64.9,70.2,69,61.6,49.6,40.5,31.5,48.2
"Philadelphia, PA",TAX,°F,40.7,43.2,52.1,63.9,73.3,82.3,86.5,85,77.7,66.1,55.3,44.5,64.2
"Philadelphia, PA",V,mi/hr,10.3,10.5,11,10.3,8.9,8.7,8.5,8.1,8.5,8.7,9.2,10.1,9.4
"Philadelphia, PA",I,Btu/ft2/day,611,911,1190,1537,1778,1917,1891,1698,1357,1015,678,549,1261
"Philadelphia, PA",PA,lb/in2,,,,,,,,,,,,,14.69
"Pittsburgh, PA",TAN,°F,22.2,23.5,30.8,41.3,50.2,59.6,63.5,62.5,54.8,43.4,35.3,26.2,42.8
"Pittsburgh, PA",TAX,°F,36.2,38.9,48.7,62,70.6,78.9,81.9,81.2,73.9,62.4,50.7,39.5,60.4
"Pittsburgh, PA",V,mi/hr,9.4,9.2,9.4,9.2,7.6,6.9,6.5,6,6.3,6.9,8.1,8.7,7.8
"Pittsburgh, PA",I,Btu/ft2/day,520,760,1080,1440,1691,1846,1823,1636,1306,919,566,459,1170
"Pittsburgh, PA",PA,lb/in2,,,,,,,,,,,,,14.1
"Scranton, PA",TAN,°F,20.3,21.5,28.7,39.2,48.6,57.8,61.7,60.7,53.2,42.2,34.5,25,41.1
"Scranton, PA",TAX,°F,33.8,36.5,45.8,59.1,69.5,77.6,81.6,80.2,72.4,60.4,49.2,37.7,58.6
"Scranton, PA",V,mi/hr,7.6,8.1,8.1,7.8,6.9,6,6,5.6,6,6.3,6.9,7.4,6.9
"Scranton, PA",I,Btu/ft2/day,538,789,1115,1455,1710,1843,1852,1616,1261,888,548,455,1173
"Scranton, PA",PA,lb/in2,,,,,,,,,,,,,14.21
"Williamsport, PA",TAN,°F,20.8,21.8,29.5,39.5,48.5,58.6,62.3,61.3,53.7,42,34,25,41.4
"Williamsport, PA",TAX,°F,34.9,37.9,47.9,61.3,71.4,79.8,83.5,82,73.8,62.1,50.2,38.6,60.3
"Williamsport, PA",V,mi/hr,7.6,7.8,7.8,7.6,6.5,5.6,5.4,4.7,5.1,5.6,6.5,7.2,6.5
"Williamsport, PA",I,Btu/ft2/day,550,803,1122,1457,1714,1846,1830,1603,1233,884,545,449,1170
"Williamsport, PA",PA,lb/in2,,,,,,,,,,,,,14.42
"Providence, RI",TAN,°F,22.5,24,30.7,40.2,49.2,59.3,64.9,64,56.6,44.9,36.8,27.6,43.4
"Providence, RI",TAX,°F,37.4,39.5,47,58.1,67.7,76.9,82.2,80.9,73.5,62.5,52.4,42.2,60
"Providence, RI",V,mi/hr,9.6,10.1,10.5,10.3,9.4,8.7,8.5,8.1,8.1,8.5,8.7,9.4,9.2
"Providence, RI",I,Btu/ft2/day,579,859,1150,1477,1738,1847,1840,1640,1301,937,604,501,1206
"Providence, RI",PA,lb/in2,,,,,,,,,,,,,14.66
"Charleston, SC",TAN,°F,39.6,41.6,47.8,54.8,63.2,70.7,74,73.3,68.3,57.7,48,41.1,56.7
"Charleston, SC",TAX,°F,59.2,62.1,68.9,75.8,82.3,87.3,90.2,88.7,84.1,76.5,68.6,60.9,75.4
"Charleston, SC",V,mi/hr,8.3,8.5,9.2,9.2,8.3,7.6,7.2,6.7,7.4,7.2,7.2,7.6,7.8
"Charleston, SC",I,Btu/ft2/day,852,1111,1471,1856,1992,1943,1951,1723,1438,1210,972,797,1443
"Charleston, SC",PA,lb/in2,,,,,,,,,,,,,14.68
"Columbia, SC",TAN,°F,35.3,37.4,43.9,51.7,60.7,68.8,72.2,71.5,65.2,52.7,42.4,35.7,53.1
"Columbia, SC",TAX,°F,56.2,59.6,67.4,75.7,82.9,88.6,91.6,90,84.5,75.3,66.1,57.4,74.6
"Columbia, SC",V,mi/hr,6.7,6.7,7.4,7.4,6.7,6,5.6,5.1,5.6,5.1,5.1,5.8,6
"Columbia, SC",I,Btu/ft2/day,824,1073,1415,1781,1944,1975,1949,1756,1497,1206,923,761,1425
"Columbia, SC",PA,lb/in2,,,,,,,,,,,,,14.58
"Greer, SC",TAN,°F,33.5,35.5,41.9,49.5,58.1,66.1,69.8,69.2,62.5,51.1,41.6,34.7,51.1
"Greer, SC",TAX,°F,51.7,55.2,62.9,71.7,78.6,85.4,88.8,87.3,81.1,71.4,61.9,52.8,70.7
"Greer, SC",V,mi/hr,7.4,7.6,8.3,7.8,6.9,6,5.8,5.4,5.8,5.8,6.3,6.7,6.7
"Greer, SC",I,Btu/ft2/day,812,1057,1401,1767,1936,1988,1945,1780,1493,1196,888,741,1417
"Greer, SC",PA,lb/in2,,,,,,,,,,,,,14.2
"Aberdeen, SD",TAN,°F,2.2,8.2,20.4,32.9,45.2,55.7,60.1,57.3,47.2,34.4,20.4,8.5,32.7
"Aberdeen, SD",TAX,°F,21.1,27.6,39.7,56.2,68.3,77.2,82.2,81,72.4,57.6,40.1,26.5,54.1
"Aberdeen, SD",V,mi/hr,10.1,10.5,11.2,12.1,12.1,10.3,8.7,8.7,10.1,10.3,10.3,10.3,10.5
"Aberdeen, SD",I,Btu/ft2/day,435,703,1115,1559,1815,1996,2073,1799,1358,880,520,372,1219
"Aberdeen, SD",PA,lb/in2,,,,,,,,,,,,,14.01
"Huron, SD",TAN,°F,6.7,12,22.6,34.6,46.5,57,61.9,59.9,49.7,36.3,23.1,11.9,35.2
"Huron, SD",TAX,°F,25,31.3,42.9,57.8,69.2,78.4,84.6,83.1,74.4,59.9,42.6,29.3,56.5
"Huron, SD",V,mi/hr,10.5,10.7,11.4,11.9,11.4,9.8,9.2,9.2,10.1,10.3,10.5,10.5,10.5
"Huron, SD",I,Btu/ft2/day,483,770,1131,1556,1845,2014,2094,1817,1404,919,562,403,1250
"Huron, SD",PA,lb/in2,,,,,,,,,,,,,14.03
"Pierre, SD",TAN,°F,10,14.7,23.7,34.8,45.9,56,62.1,60.4,50.5,37.2,24.6,14.6,36.2
"Pierre, SD",TAX,°F,28.7,34.7,45.4,58.9,69.5,79.2,87.7,86.7,77.2,60.6,44.6,32.6,58.8
"Pierre, SD",V,mi/hr,10.7,10.7,11.9,12.1,11.9,10.5,10.3,10.3,10.7,11,10.5,11,11
"Pierre, SD",I,Btu/ft2/day,506,772,1135,1521,1857,2054,2099,1853,1428,927,553,421,1261
"Pierre, SD",PA,lb/in2,,,,,,,,,,,,,13.81
"Rapid City, SD",TAN,°F,13.6,16.6,23.8,32.7,43,52.3,59.1,57.6,47.4,35.4,23.4,15.5,35
"Rapid City, SD",TAX,°F,35.5,39,47.3,56.5,66.6,76.4,85.9,85.7,75.5,60.6,46.4,37.2,59.4
"Rapid City, SD",V,mi/hr,9.8,10.7,11.4,12.1,11.6,10.1,9.4,9.4,9.8,10.7,10.3,9.8,10.5
"Rapid City, SD",I,Btu/ft2/day,599,844,1212,1588,1906,2092,2150,1920,1505,1016,619,503,1329
"Rapid City, SD",PA,lb/in2,,,,,,,,,,,,,13.11
"Sioux Falls, SD",TAN,°F,7.9,13.1,23.5,35.4,47.2,57.9,62.5,60.6,50.6,37.8,24.2,12.7,36.1
"Sioux Falls, SD",TAX,°F,25.2,31.2,42.5,57.5,68.9,78.4,82.9,81,73.2,59.6,42.7,29.4,56
"Sioux Falls, SD",V,mi/hr,10.1,10.3,11.2,11.9,11.2,9.8,9.2,8.7,9.6,9.8,10.1,9.8,10.1
"Sioux Falls, SD",I,Btu/ft2/day,507,777,1169,1523,1751,1979,2046,1762,1393,947,576,442,1239
"Sioux Falls, SD",PA,lb/in2,,,,,,,,,,,,,13.95
"Bristol, TN",TAN,°F,27.2,29.5,35.5,44,52.5,61.2,64.9,63.7,56.4,44.7,35.6,28.9,45.3
"Bristol, TN",TAX,°F,45.5,49.2,58,67.9,75.5,82.1,84.6,84.5,78.8,68.8,57.7,47.9,66.7
"Bristol, TN",V,mi/hr,5.4,5.6,6,5.6,4.7,3.8,3.6,2.9,3.1,3.6,4,4.7,4.5
"Bristol, TN",I,Btu/ft2/day,682,901,1249,1616,1853,1928,1885,1780,1483,1128,790,611,1325
"Bristol, TN",PA,lb/in2,,,,,,,,,,,,,13.92
"Chattanooga, TN",TAN,°F,32.7,34.8,41.6,49.7,58.5,66.8,70.6,70,63,50.8,40.5,34.2,51.1
"Chattanooga, TN",TAX,°F,50.4,54.3,63,72.5,79.4,86.1,89.2,89,83,72.8,61.4,51.9,71.1
"Chattanooga, TN",V,mi/hr,5.8,6,6.5,6,4.9,4.3,4.3,3.8,4,4,4.5,5.4,4.9
"Chattanooga, TN",I,Btu/ft2/day,722,965,1295,1662,1859,1950,1915,1796,1471,1170,824,654,1357
"Chattanooga, TN",PA,lb/in2,,,,,,,,,,,,,14.34
"Knoxville, TN",TAN,°F,30.8,33.3,40,48.7,57.3,65.6,69.2,68.3,61.4,49.2,39.3,32.4,49.6
"Knoxville, TN",TAX,°F,47.3,51.4,60.2,69.8,77.5,84.2,87.2,87,81.1,70.4,59.1,49.1,68.7
"Knoxville, TN",V,mi/hr,6.5,6.7,7.2,6.9,6.3,5.4,5.4,4.5,4.7,4.7,5.4,6,5.8
"Knoxville, TN",I,Btu/ft2/day,692,933,1270,1656,1877,1970,1925,1808,1484,1160,798,625,1350
"Knoxville, TN",PA,lb/in2,,,,,,,,,,,,,14.18
"Memphis, TN",TAN,°F,34,37.1,44.7,53.9,63.1,70.9,74.1,73.2,65.8,54.6,43.9,36.2,54.3
"Memphis, TN",TAX,°F,49.7,54.3,62.9,72.4,80.7,88.1,90.8,90.7,84.6,74,61.6,51.7,71.8
"Memphis, TN",V,mi/hr,9.2,9.2,9.8,9.6,8.5,7.4,6.9,6.7,7.2,7.2,8.1,8.7,8.3
"Memphis, TN",I,Btu/ft2/day,696,939,1275,1661,1860,2008,1967,1832,1508,1165,794,626,1361
"Memphis, TN",PA,lb/in2,,,,,,,,,,,,,14.55
"Nashville, TN",TAN,°F,30.5,32.9,40.2,49.3,58.5,66.7,70.8,69.8,62.1,50.3,40.2,32.8,50.3
"Nashville, TN",TAX,°F,47.2,51.5,60.5,70.4,77.9,85.2,88.6,88.6,82.2,71.4,59.5,49.5,69.4
"Nashville, TN",V,mi/hr,8.1,8.1,8.3,8.1,6.7,6,5.8,5.6,5.8,6.3,7.2,7.6,6.9
"Nashville, TN",I,Btu/ft2/day,654,896,1261,1614,1798,1955,1886,1778,1467,1128,772,583,1316
"Nashville, TN",PA,lb/in2,,,,,,,,,,,,,14.39
"Abilene, TX",TAN,°F,34.2,37.8,44.9,52.6,62.1,69.1,72.6,72,64.4,54.6,43.4,35.2,53.6
"Abilene, TX",TAX,°F,56.5,60.6,68,76.6,83.9,89.9,93.6,92.8,85.9,76.8,65.4,57.4,75.6
"Abilene, TX",V,mi/hr,11,11.4,12.5,13.2,11.9,11.2,10.1,8.7,8.9,10.3,10.7,10.7,11
"Abilene, TX",I,Btu/ft2/day,959,1205,1557,1936,2052,2245,2252,2006,1701,1375,1046,902,1603
"Abilene, TX",PA,lb/in2,,,,,,,,,,,,,13.79
"Amarillo, TX",TAN,°F,24.9,28,34.1,42.4,52.8,61.7,65.8,64.8,56.9,45.3,33.2,25.8,44.7
"Amarillo, TX",TAX,°F,50.1,54.4,61.9,70,78.9,87.1,90.5,88.3,81.8,71.3,59,50.1,70.3
"Amarillo, TX",V,mi/hr,12.1,12.5,13.9,14.8,13.6,13.9,12.3,11.6,12.1,12.5,12.5,12.1,12.8
"Amarillo, TX",I,Btu/ft2/day,882,1232,1607,1972,2156,2357,2313,2021,1748,1388,1057,877,1634
"Amarillo, TX",PA,lb/in2,,,,,,,,,,,,,12.95
"Austin, TX",TAN,°F,40.3,43.9,49.9,57.5,66.3,71.9,73.8,73.5,68.2,58.8,48.3,41,57.8
"Austin, TX",TAX,°F,61.6,65.3,71.6,78.9,85.9,91.5,94.4,95.5,89.8,81.4,70.5,63.1,79.1
"Austin, TX",V,mi/hr,8.3,8.7,9.2,8.9,8.5,8.1,7.4,6.5,6.3,6.9,7.6,7.8,7.8
"Austin, TX",I,Btu/ft2/day,868,1085,1368,1699,1812,2094,2135,2023,1645,1313,956,806,1484
"Austin, TX",PA,lb/in2,,,,,,,,,,,,,14.33
"Brownsville, TX",TAN,°F,52.8,56,60.7,66.6,72.7,76.4,76.9,76.8,73.6,67.6,59.9,53.5,66.1
"Brownsville, TX",TAX,°F,70.6,73.7,78.1,82.8,88,91.6,92.8,93.5,89.6,84.7,78,71.6,82.9
"Brownsville, TX",V,mi/hr,10.1,11.2,11.9,12.5,12.1,11,11,9.2,7.4,8.7,9.2,9.6,10.3
"Brownsville, TX",I,Btu/ft2/day,899,1152,1425,1673,1913,2051,2061,1951,1616,1386,1040,846,1501
"Brownsville, TX",PA,lb/in2,,,,,,,,,,,,,14.68
"Corpus Christi, TX",TAN,°F,48.4,51.9,57.3,63.9,70.6,74.5,75.3,75.5,72.5,65.3,56.2,49.6,63.4
"Corpus Christi, TX",TAX,°F,66.9,70.6,75.5,81.1,86.2,90.4,92.4,93.8,89.3,83.7,75.1,68.5,81.1
"Corpus Christi, TX",V,mi/hr,12.1,12.5,13.4,14.1,12.5,10.5,10.7,9.8,9.2,10.7,11.4,11.6,11.6
"Corpus Christi, TX",I,Btu/ft2/day,891,1113,1385,1636,1850,2072,2110,1975,1662,1397,1040,838,1497
"Corpus Christi, TX",PA,lb/in2,,,,,,,,,,,,,14.68
"Dallas-Fort Worth, TX",TAN,°F,37,40.8,47.8,55.8,65.4,72.6,76.3,76.1,68.6,57.8,47.1,38.8,57
"Dallas-Fort Worth, TX",TAX,°F,56.2,60.7,67.8,75.7,83.4,91,95.3,95.3,87.8,78,66.2,57.7,76.3
"Dallas-Fort Worth, TX",V,mi/hr,10.5,10.7,11.9,12.1,11,10.5,9.8,8.5,8.3,9.4,10.3,10.3,10.3
"Dallas-Fort Worth, TX",I,Btu/ft2/day,837,1089,1388,1744,1860,2087,2171,1981,1623,1263,933,795,1481
"Dallas-Fort Worth, TX",PA,lb/in2,,,,,,,,,,,,,14.4
"El Paso, TX",TAN,°F,34.6,38.8,44.3,52.2,62.3,69.8,72.2,70.6,64.5,53.3,40.8,33.9,53.1
"El Paso, TX",TAX,°F,58.2,63.2,70.3,78.7,88.2,95.4,94.4,92.4,87.4,78.3,66.1,57.3,77.5
"El Paso, TX",V,mi/hr,7.8,8.9,10.1,11,10.1,9.2,8.1,7.4,7.4,7.6,7.4,7.4,8.5
"El Paso, TX",I,Btu/ft2/day,1125,1406,1856,2259,2494,2537,2276,2106,1895,1574,1244,1048,1818
"El Paso, TX",PA,lb/in2,,,,,,,,,,,,,12.76
"Houston, TX",TAN,°F,43.8,47,52.7,59.6,67.9,73.4,75.1,74.7,69.9,61,51.2,44.9,60.1
"Houston, TX",TAX,°F,62.6,66.4,72.3,78.7,85.9,90.7,93.1,93.4,88.9,81.2,71.2,64.1,79
"Houston, TX",V,mi/hr,7.8,8.3,8.5,8.9,8.1,6.7,5.8,5.6,6,6.7,7.2,7.6,7.4
"Houston, TX",I,Btu/ft2/day,832,1022,1333,1635,1828,1915,1930,1804,1567,1288,930,767,1404
"Houston, TX",PA,lb/in2,,,,,,,,,,,,,14.65
"Lubbock, TX",TAN,°F,28,31.6,38.2,46.8,57.3,65.4,69,67.5,59.6,48.6,36.6,28.5,48.1
"Lubbock, TX",TAX,°F,54,58.8,66.1,74.7,83.3,90.3,92.3,90.6,84,74.8,62.7,54.6,73.9
"Lubbock, TX",V,mi/hr,11.6,12.3,13.9,14.3,13.6,13,11,9.8,10.1,11,11.4,11.4,11.9
"Lubbock, TX",I,Btu/ft2/day,968,1252,1627,2008,2166,2352,2283,2060,1728,1406,1081,904,1653
"Lubbock, TX",PA,lb/in2,,,,,,,,,,,,,13.07
"Lufkin, TX",TAN,°F,39.3,42.4,48.6,55.6,64.7,70.7,72.8,72.1,66.8,56.5,46.8,40.3,56.4
"Lufkin, TX",TAX,°F,59.8,64,70.5,77.5,84.6,90,93.1,93.6,88.3,79.5,68.8,61.1,77.6
"Lufkin, TX",V,mi/hr,6.9,7.4,7.6,7.6,6.9,5.8,5.4,4.9,5.4,5.8,6.3,6.5,6.5
"Lufkin, TX",I,Btu/ft2/day,796,1027,1342,1686,1856,1988,2043,1915,1590,1275,913,747,1432
"Lufkin, TX",PA,lb/in2,,,,,,,,,,,,,14.55
"Midland, TX",TAN,°F,31.8,35.9,42.1,50.1,60.9,68.5,71,69.7,62.7,52.4,39.8,32.1,51.4
"Midland, TX",TAX,°F,57.4,62.2,69.4,78.4,87.1,93,93.8,92.4,86,77.5,65.6,58.1,76.7
"Midland, TX",V,mi/hr,10.1,11,12.1,12.8,12.3,12.3,10.7,9.6,9.6,10.3,9.8,9.8,11
"Midland, TX",I,Btu/ft2/day,1015,1294,1695,2089,2226,2365,2272,2073,1776,1458,1140,973,1698
"Midland, TX",PA,lb/in2,,,,,,,,,,,,,13.26
"Port Arthur, TX",TAN,°F,44.6,47.7,53.2,60.1,68,73.5,75,74.7,70.6,61.5,51.7,45.7,60.5
"Port Arthur, TX",TAX,°F,61.9,65.3,71.2,77.3,84.3,89.1,91,91.5,87.8,80.2,70.5,63.4,77.8
"Port Arthur, TX",V,mi/hr,9.6,10.1,10.3,10.3,9.2,7.6,6,5.8,7.2,8.1,8.5,9.2,8.5
"Port Arthur, TX",I,Btu/ft2/day,824,1017,1355,1646,1868,1931,1918,1801,1552,1300,955,773,1412
"Port Arthur, TX",PA,lb/in2,,,,,,,,,,,,,14.68
"San Angelo, TX",TAN,°F,34.4,38,45.2,52.8,62.8,69.6,72.1,71.3,64,53.8,42.7,35.1,53.5
"San Angelo, TX",TAX,°F,59.5,63.7,70.7,79.5,87.4,92.4,95.1,94,87.4,78.6,67.4,60.5,78
"San Angelo, TX",V,mi/hr,9.6,10.1,10.7,11.4,10.5,10.1,9.2,8.1,7.8,8.5,9.2,9.4,9.6
"San Angelo, TX",I,Btu/ft2/day,968,1229,1591,1961,2072,2236,2220,2021,1711,1382,1090,921,1617
"San Angelo, TX",PA,lb/in2,,,,,,,,,,,,,13.71
"San Antonio, TX",TAN,°F,42,45.8,51.8,59.1,67.6,73.2,75.2,75.3,69.8,60.8,50.5,43.1,59.5
"San Antonio, TX",TAX,°F,62.9,67.2,73.1,79.9,86.6,91.9,94,95,89.5,81.6,71.3,64.3,79.8
"San Antonio, TX",V,mi/hr,7.6,7.8,8.9,9.4,9.4,9.2,8.5,7.8,6.9,7.4,7.6,7.4,8.1
"San Antonio, TX",I,Btu/ft2/day,893,1083,1377,1682,1821,2059,2081,1961,1640,1323,985,825,1477
"San Antonio, TX",PA,lb/in2,,,,,,,,,,,,,14.27
"Victoria, TX",TAN,°F,44.5,48,53.7,60.5,68.3,73.3,74.8,74.4,70.1,61.6,51.9,45.5,60.5
"Victoria, TX",TAX,°F,64.6,68.2,73.5,79.6,86.1,91,93.1,94,89.5,82.7,73.1,66.1,80.1
"Victoria, TX",V,mi/hr,9.8,10.1,10.5,11,10.3,9.2,8.3,7.4,7.4,8.3,8.7,9.2,9.2
"Victoria, TX",I,Btu/ft2/day,849,1038,1328,1597,1823,2009,2029,1887,1596,1328,989,801,1439
"Victoria, TX",PA,lb/in2,,,,,,,,,,,,,14.63
"Waco, TX",TAN,°F,37.6,41.3,48.1,55.7,64.7,71.7,75,74.4,67.3,57.2,46.9,39,56.6
"Waco, TX",TAX,°F,58.4,62.4,69.2,77.1,84.7,91.5,95.8,96,89.4,79.8,68,59.7,77.7
"Waco, TX",V,mi/hr,9.8,10.1,11,11.2,10.1,9.6,9.6,8.5,7.8,8.7,9.4,9.4,9.6
"Waco, TX",I,Btu/ft2/day,864,1081,1387,1732,1890,2135,2198,2022,1674,1302,958,823,1505
"Waco, TX",PA,lb/in2,,,,,,,,,,,,,14.43
"Cedar City, UT",TAN,°F,19.2,23.3,28.3,33.5,42.2,50.9,59,57.7,47.7,36,25,18.7,36.8
"Cedar City, UT",TAX,°F,41.9,46,54.6,61.1,72.3,82.5,89.5,87.2,79.3,65.7,51.7,41.5,64.4
"Cedar City, UT",V,mi/hr,6.3,6.7,8.1,8.9,8.7,8.7,7.6,7.6,7.2,6.7,6.3,6.3,7.4
"Cedar City, UT",I,Btu/ft2/day,818,1072,1548,1969,2299,2534,2285,2082,1827,1355,944,741,1623
"Cedar City, UT",PA,lb/in2,,,,,,,,,,,,,12.01
"Salt Lake City, UT",TAN,°F,23.3,26.9,34.4,40.2,49,57.3,66.4,64.9,54.3,42.2,31.1,24.1,42.9
"Salt Lake City, UT",TAX,°F,37.7,43.1,53.4,60.3,71.5,81.8,92.4,90.1,78.9,64,48.7,38,63.3
"Salt Lake City, UT",V,mi/hr,6.7,7.2,8.7,9.6,8.9,9.2,8.9,9.6,8.7,8.1,7.4,7.2,8.3
"Salt Lake City, UT",I,Btu/ft2/day,596,877,1348,1685,2071,2336,2338,2052,1689,1144,700,469,1442
"Salt Lake City, UT",PA,lb/in2,,,,,,,,,,,,,12.62
"Burlington, VT",TAN,°F,11.6,13.1,22.7,35.1,46.1,56.4,61,59.2,51.5,40.2,31.6,19.8,37.4
"Burlington, VT",TAX,°F,27,29.8,39.6,54.1,66.8,76.2,79.9,78.6,70.3,56.6,45.1,33.2,54.8
"Burlington, VT",V,mi/hr,8.9,8.5,8.5,8.7,8.1,7.4,6.9,6.9,7.6,8.1,8.7,8.9,8.1
"Burlington, VT",I,Btu/ft2/day,474,733,1046,1449,1720,1874,1835,1642,1239,770,464,377,1135
"Burlington, VT",PA,lb/in2,,,,,,,,,,,,,14.52
"DC-Dulles, VA",TAN,°F,25.8,26.7,33.9,43.4,52.3,61.9,66.5,65.4,57.6,44.8,36.2,28.2,45.2
"DC-Dulles, VA",TAX,°F,42.4,45.2,54.4,66.3,74,82.5,86.4,85.9,78.3,67,56.2,45.2,65.3
"DC-Dulles, VA",V,mi/hr,7.8,8.1,8.5,8.1,6.7,6,5.8,5.6,6,6,6.7,7.2,6.9
"DC-Dulles, VA",I,Btu/ft2/day,653,939,1233,1567,1771,1900,1862,1684,1376,1062,711,590,1279
"DC-Dulles, VA",PA,lb/in2,,,,,,,,,,,,,14.55
"DC-Reagan, VA",TAN,°F,30,31.2,38.3,47.9,57,66.7,71.5,70.4,63.2,51.2,41.7,33.3,50.2
"DC-Reagan, VA",TAX,°F,43.6,46.3,55.2,66.3,74.6,83.3,87.6,86.3,79,67.6,57,46.5,66.1
"DC-Reagan, VA",V,mi/hr,9.6,9.6,10.5,9.8,8.9,8.5,8.1,7.8,8.3,8.1,8.7,8.9,8.9
"DC-Reagan, VA",I,Btu/ft2/day,653,934,1246,1578,1767,1903,1864,1712,1371,1045,718,587,1282
"DC-Reagan, VA",PA,lb/in2,,,,,,,,,,,,,14.69
"Lynchburg, VA",TAN,°F,27.6,29.1,35.9,44.7,53,61.9,65.8,64.7,57.5,45.5,36.5,29.1,46
"Lynchburg, VA",TAX,°F,45.5,48.3,57.2,67.9,74.6,82.2,85.6,84.7,77.9,67.9,57.7,47.4,66.4
"Lynchburg, VA",V,mi/hr,6,6,6.7,6.5,5.6,4.7,4.3,3.8,4.3,4.3,4.9,5.1,5.1
"Lynchburg, VA",I,Btu/ft2/day,740,1006,1334,1655,1855,2001,1913,1758,1439,1128,807,662,1358
"Lynchburg, VA",PA,lb/in2,,,,,,,,,,,,,14.2
"Norfolk, VA",TAN,°F,34.5,35.2,41.6,50.2,58.7,68.1,72.7,71.6,66.4,54.8,45.1,37.2,53
"Norfolk, VA",TAX,°F,49.3,50.9,58.3,68.1,75.1,83.1,87.2,85.2,79.3,70,60.6,52.1,68.3
"Norfolk, VA",V,mi/hr,9.8,10.1,10.5,10.7,9.8,8.7,8.3,7.8,9.2,8.7,8.9,9.2,9.2
"Norfolk, VA",I,Btu/ft2/day,723,962,1312,1674,1872,1989,1940,1743,1406,1101,807,655,1349
"Norfolk, VA",PA,lb/in2,,,,,,,,,,,,,14.68
"Richmond, VA",TAN,°F,30.2,31,38,47.2,55.8,65.2,69.5,68.3,61.2,49.2,40.2,32.3,49
"Richmond, VA",TAX,°F,47.5,50.5,59,69.7,76.6,84.7,88.5,86.9,80.3,70.2,60.2,50.1,68.7
"Richmond, VA",V,mi/hr,8.3,8.5,9.2,8.9,7.8,7.2,6.7,6.3,6.9,6.7,7.4,7.6,7.6
"Richmond, VA",I,Btu/ft2/day,723,993,1305,1650,1856,1986,1890,1735,1415,1099,798,649,1341
"Richmond, VA",PA,lb/in2,,,,,,,,,,,,,14.61
"Roanoke, VA",TAN,°F,29.4,31,37.9,46.7,54.7,63.4,67.2,66.2,58.8,47.7,38.7,31.3,47.8
"Roanoke, VA",TAX,°F,45.8,48.7,57.3,67.8,75,82.3,85.9,85.1,78,68.4,57.7,47.4,66.6
"Roanoke, VA",V,mi/hr,8.1,8.1,8.3,7.8,6.5,5.8,5.6,4.9,5.1,5.6,6.5,7.4,6.7
"Roanoke, VA",I,Btu/ft2/day,729,986,1293,1611,1795,1892,1860,1699,1395,1104,781,646,1316
"Roanoke, VA",PA,lb/in2,,,,,,,,,,,,,14.1
"Olympia, WA",TAN,°F,33.8,32.9,35.3,38,43.4,47.8,51.3,50.9,46.4,40.9,36.6,33.4,40.9
"Olympia, WA",TAX,°F,45.7,49.3,53.2,58,64.9,69.7,76.7,76.6,71.5,59.7,50.2,44.5,60
"Olympia, WA",V,mi/hr,6,5.6,6.3,6.3,6,6,5.4,4.9,4.7,5.1,6,6,5.6
"Olympia, WA",I,Btu/ft2/day,319,562,866,1257,1574,1721,1876,1624,1257,676,352,264,1029
"Olympia, WA",PA,lb/in2,,,,,,,,,,,,,14.58
"Quillayute, WA",TAN,°F,36.4,35.6,37,39.1,43.5,47.9,51.2,51,47.5,42.4,38.6,35.7,42.2
"Quillayute, WA",TAX,°F,47.1,49.5,50.8,54.2,59.1,62.7,66.9,67.6,65.8,57.9,50.7,46.5,56.6
"Quillayute, WA",V,mi/hr,6.5,6,6.3,5.8,5.4,4.9,4.7,4.5,4,4.9,6,6.3,5.4
"Quillayute, WA",I,Btu/ft2/day,304,556,831,1225,1520,1600,1681,1469,1170,653,351,257,968
"Quillayute, WA",PA,lb/in2,,,,,,,,,,,,,14.59
"Seattle, WA",TAN,°F,37.6,37.8,39.7,42.8,48,52.4,56.4,56.5,52.9,46.5,40.5,36.8,45.7
"Seattle, WA",TAX,°F,46.4,49.4,52.4,57.2,63.7,68.5,75.1,74.8,69.5,58.6,50.3,45.4,59.3
"Seattle, WA",V,mi/hr,8.5,8.3,8.5,7.8,7.6,7.6,7.2,6.9,6.7,7.2,8.1,8.7,7.8
"Seattle, WA",I,Btu/ft2/day,316,595,882,1329,1678,1842,1951,1679,1235,671,356,267,1067
"Seattle, WA",PA,lb/in2,,,,,,,,,,,,,14.47
"Spokane, WA",TAN,°F,24.3,26.4,30.9,36.4,43.8,49.9,56.7,55.7,47.7,37.3,29.3,23.7,38.5
"Spokane, WA",TAX,°F,34.1,39.7,48.1,56,65.8,72.5,83.2,82.2,72.8,57.2,41.5,33,57.2
"Spokane, WA",V,mi/hr,8.3,8.3,9.6,9.6,9.4,9.2,8.5,8.1,7.8,8.1,8.3,8.3,8.7
"Spokane, WA",I,Btu/ft2/day,345,650,1060,1497,1893,2071,2274,1947,1430,841,401,283,1224
"Spokane, WA",PA,lb/in2,,,,,,,,,,,,,13.4
"Stampede Pass, WA",TAN,°F,24,25.7,28.6,31.8,37.8,42.4,49,49.3,45.5,36.7,29.2,23.5,35.3
"Stampede Pass, WA",TAX,°F,30.7,33.8,37.9,43.1,51,56.6,65.7,65.7,60,47.3,36.2,30.1,46.5
"Stampede Pass, WA",V,mi/hr,7.4,7.4,6.9,6.7,6.9,7.4,7.4,6.9,6.7,6.7,6.9,7.4,7.2
"Stampede Pass, WA",I,Btu/ft2/day,345,595,857,1281,1599,1703,1946,1676,1218,678,366,286,1046
"Stampede Pass, WA",PA,lb/in2,,,,,,,,,,,,,12.73
"Yakima, WA",TAN,°F,24.1,27.1,30.8,35.5,43.5,49.6,55.1,53,45,35.2,27.5,23.4,37.5
"Yakima, WA",TAX,°F,38.1,46,55.3,62.6,71.8,78.6,87.9,86.2,77.9,63,47.3,36.6,62.6
"Yakima, WA",V,mi/hr,4.3,5.4,6.7,7.4,7.4,7.6,7.2,6.7,6.3,5.6,4.7,4,6
"Yakima, WA",I,Btu/ft2/day,399,740,1187,1639,1987,2252,2374,2033,1537,937,483,315,1324
"Yakima, WA",PA,lb/in2,,,,,,,,,,,,,14.14
"Beckley, WV",TAN,°F,24.2,26.2,32.9,42.7,50.3,58.6,62,61.1,54.2,43.8,35.2,27,43.2
"Beckley, WV",TAX,°F,39.5,42.2,50.7,62.6,69.3,76,78.7,78.4,72.3,62.8,51.9,41.6,60.5
"Beckley, WV",V,mi/hr,8.3,8.1,8.1,7.8,6.7,5.6,5.1,4.9,5.6,6.3,6.9,7.6,6.7
"Beckley, WV",I,Btu/ft2/day,632,847,1144,1499,1680,1797,1752,1643,1346,1018,691,538,1216
"Beckley, WV",PA,lb/in2,,,,,,,,,,,,,13.42
"Charleston, WV",TAN,°F,26.8,28.6,35.1,44.9,52.6,61.6,65.2,64.3,56.6,45,36.4,29.2,45.5
"Charleston, WV",TAX,°F,43.1,46.3,55.5,68.1,74.5,81.6,84.4,83.9,77.7,67.6,56.3,45.5,65.4
"Charleston, WV",V,mi/hr,5.4,5.1,5.1,5.1,4,3.4,3.1,2.7,2.9,3.1,4,4.7,4
"Charleston, WV",I,Btu/ft2/day,579,814,1126,1524,1737,1916,1843,1721,1378,1024,667,512,1237
"Charleston, WV",PA,lb/in2,,,,,,,,,,,,,14.16
"Elkins, WV",TAN,°F,20.6,21.5,28.1,37,45.9,55.1,58.9,58.3,50.7,38.1,30.3,22.9,39
"Elkins, WV",TAX,°F,39.7,42.3,51.2,63.3,70.5,77.7,80.5,80.3,73.9,64,52.7,42.2,61.5
"Elkins, WV",V,mi/hr,5.8,5.8,5.8,5.8,4.5,3.6,3.1,2.7,2.9,3.6,4.7,5.1,4.5
"Elkins, WV",I,Btu/ft2/day,574,794,1113,1461,1619,1793,1738,1611,1293,972,618,498,1173
"Elkins, WV",PA,lb/in2,,,,,,,,,,,,,13.69
"Huntington, WV",TAN,°F,26.7,28.9,35.9,45.8,53.7,62.5,66.1,65,57.1,45.7,37.2,29.4,46.2
"Huntington, WV",TAX,°F,42.4,45.9,55.5,67.7,74.7,82,85,84.7,78.2,67.6,55.7,44.9,65.3
"Huntington, WV",V,mi/hr,6.9,6.7,6.9,6.7,5.6,4.9,4.7,4.3,4.5,4.9,5.8,6.3,5.6
"Huntington, WV",I,Btu/ft2/day,570,828,1163,1545,1751,1915,1856,1725,1404,1045,676,519,1250
"Huntington, WV",PA,lb/in2,,,,,,,,,,,,,14.26
"Eau Claire, WI",TAN,°F,6.6,11.2,22,34.8,46.1,56.4,60.5,58.9,49.8,38.1,25.7,12.8,35.2
"Eau Claire, WI",TAX,°F,22.7,28.6,40.7,56.9,68.6,77.6,81.4,79.6,71.2,57.7,41.2,27.9,54.5
"Eau Claire, WI",V,mi/hr,7.4,7.6,7.6,8.7,8.3,7.2,6.5,6.3,6.9,7.6,7.6,7.2,7.4
"Eau Claire, WI",I,Btu/ft2/day,485,734,1116,1485,1716,1866,1895,1616,1234,802,484,377,1151
"Eau Claire, WI",PA,lb/in2,,,,,,,,,,,,,14.23
"Green Bay, WI",TAN,°F,10.7,14,23.7,35.1,45.5,55.9,59.2,58,49.6,39.1,28.4,16.9,36.3
"Green Bay, WI",TAX,°F,24.9,29.1,39.9,54.3,66.2,75.7,79.6,78.1,70.8,57.5,43.1,30.3,54.1
"Green Bay, WI",V,mi/hr,9.6,9.4,9.4,10.5,9.2,7.6,7.2,6.7,7.6,8.7,9.2,8.9,8.7
"Green Bay, WI",I,Btu/ft2/day,426,678,1103,1501,1748,1923,1900,1624,1274,820,504,373,1156
"Green Bay, WI",PA,lb/in2,,,,,,,,,,,,,14.33
"La Crosse, WI",TAN,°F,9.9,15,25.7,38.7,49.5,59.6,63.6,61.9,53.2,41.6,29.3,16.5,38.7
"La Crosse, WI",TAX,°F,25.6,31.4,43.7,58.7,70.1,79.5,83.2,81,73.2,60,43.8,30.4,56.7
"La Crosse, WI",V,mi/hr,8.7,8.9,9.2,9.8,9.2,8.1,7.6,7.4,8.3,9.2,9.4,8.7,8.7
"La Crosse, WI",I,Btu/ft2/day,507,767,1131,1445,1723,1887,1895,1615,1260,829,512,397,1164
"La Crosse, WI",PA,lb/in2,,,,,,,,,,,,,14.36
"Madison, WI",TAN,°F,12.1,16.2,25.4,36.7,47.3,57.6,61.5,59.8,51,40.1,29.3,17.6,37.9
"Madison, WI",TAX,°F,26.7,31.6,43.3,57,68.3,77.8,81,79.2,72.1,59.4,44.5,31.4,56
"Madison, WI",V,mi/hr,8.5,8.5,8.9,9.6,8.3,6.9,6.5,6,6.7,7.8,8.5,8.1,7.8
"Madison, WI",I,Btu/ft2/day,441,718,1122,1478,1735,1931,1911,1634,1324,871,541,422,1177
"Madison, WI",PA,lb/in2,,,,,,,,,,,,,14.24
"Milwaukee, WI",TAN,°F,16.9,20.6,28.5,38.1,47.7,58.5,64.2,64.1,55.9,44.6,33,21.9,41.2
"Milwaukee, WI",TAX,°F,29.5,33.1,42.5,53.6,64.5,75,79.6,78.4,71.5,59.6,46.1,33.8,55.6
"Milwaukee, WI",V,mi/hr,11,10.7,10.7,11.6,10.3,8.7,8.9,8.5,8.9,10.1,10.5,10.5,10.1
"Milwaukee, WI",I,Btu/ft2/day,477,755,1096,1444,1729,1926,1894,1612,1322,873,536,411,1173
"Milwaukee, WI",PA,lb/in2,,,,,,,,,,,,,14.34
"Casper, WY",TAN,°F,16.2,18.1,23.7,30,38.7,46.7,54.4,53.3,43.4,32.7,23.8,16.4,33.1
"Casper, WY",TAX,°F,35.1,38.5,47.8,55.6,66.5,77.7,87.6,85.6,74.2,59,44.7,35.1,58.9
"Casper, WY",V,mi/hr,14.8,13.4,12.5,11.6,10.5,10.3,9.2,9.4,9.8,11,13.4,15,11.6
"Casper, WY",I,Btu/ft2/day,601,877,1259,1631,1980,2243,2292,1988,1552,1046,650,505,1385
"Casper, WY",PA,lb/in2,,,,,,,,,,,,,12.13
"Cheyenne, WY",TAN,°F,18.8,19.8,25.1,31.3,40.7,49.2,56.1,54.6,45.4,34.4,25.1,19.1,35
"Cheyenne, WY",TAX,°F,38.8,40.4,47.3,53.7,63.9,74.3,82.6,80.2,71.3,58,45.8,38.6,57.9
"Cheyenne, WY",V,mi/hr,14.1,13.6,13.6,13.2,12.1,11,9.8,9.8,10.5,11.9,13.2,13.9,12.3
"Cheyenne, WY",I,Btu/ft2/day,712,975,1360,1668,1919,2196,2163,1883,1588,1131,761,609,1414
"Cheyenne, WY",PA,lb/in2,,,,,,,,,,,,,11.78
"Lander, WY",TAN,°F,12.5,16.2,24.9,32.5,41.6,49.6,57.5,56.1,46.4,34.2,21.8,13.2,33.9
"Lander, WY",TAX,°F,32,36.2,46.9,55.1,65.7,76,86.2,84.3,73,57.8,42.6,32.3,57.3
"Lander, WY",V,mi/hr,4.9,4.9,6.7,7.4,7.4,7.4,7.2,6.9,6.5,5.6,5.1,4.9,6.3
"Lander, WY",I,Btu/ft2/day,640,920,1320,1658,2026,2242,2256,1966,1564,1086,696,551,1411
"Lander, WY",PA,lb/in2,,,,,,,,,,,,,12.02
"Rock Springs, WY",TAN,°F,13.6,15.5,23.8,29.7,38.6,46.8,55,53.3,43.6,33.2,22.1,14.2,32.5
"Rock Springs, WY",TAX,°F,29.2,32.3,42.8,51.9,62.7,73,82.9,80.2,69.4,55.5,39.9,29.6,54.1
"Rock Springs, WY",V,mi/hr,12.1,11.2,12.1,12.3,11.2,10.7,9.4,8.9,9.4,11,11.2,11.4,11
"Rock Springs, WY",I,Btu/ft2/day,654,928,1342,1738,2044,2307,2301,2019,1673,1186,716,564,1456
"Rock Springs, WY",PA,lb/in2,,,,,,,,,,,,,13.05
"Sheridan, WY",TAN,°F,13,16.8,23.4,31.4,39.8,47.9,54.8,53.2,43.5,32.5,21.5,13.6,32.6
"Sheridan, WY",TAX,°F,34.4,38.5,47.5,55.7,65.4,74.8,85.9,85.2,74,58.8,45.5,35.4,58.4
"Sheridan, WY",V,mi/hr,6.5,6.9,7.8,8.9,8.3,7.2,6.5,6,6.3,6.7,6.5,6.5,6.9
"Sheridan, WY",I,Btu/ft2/day,482,767,1145,1509,1850,2030,2152,1860,1419,909,569,429,1260
"Sheridan, WY",PA,lb/in2,,,,,,,,,,,,,12.73